,楼盘名称,楼盘状态,楼盘性质,楼盘单价,开发商名
0,滨望雅庭,在售,住宅,均价 28500元/平,杭州滨信置业有限公司
1,荣盛江荣府,在售,住宅,均价 38000元/平,杭州荣耀盛灏置业有限公司
2,旭辉珺和府,在售,住宅,均价 14600元/平,杭州兴浦置业有限公司
3,杭曜之城,待售,住宅,均价 30000元/平,杭州融荣房地产开发有限公司
4,绿城桂语新月,在售,住宅,均价 22000元/平,杭州绿城浙诗置业有限公司
5,赞成星谷,在售,商业类,均价 23000元/平,杭州润庆置业有限公司
6,同协金座,在售,商业类,均价 32000元/平,杭州同达置业有限公司
7,蓝城久宸里,在售,商业类,均价 80000元/平,浙江久光房地产开发有限公司
8,云悦湾,在售,商业类,均价 40000元/平,杭州盛寅房地产开发有限公司
9,世茂西溪宸悦,在售,商业类,均价 42000元/平,杭州禾睿房地产开发有限公司
10,天目观山月,在售,住宅,均价 12800元/平,临安置润房产开发有限公司
11,大华春山明月,在售,别墅,总价 540-1020(万/套),浙江大华房地产开发有限公司
12,云水山居,在售,住宅,均价 15600元/平,杭州金宇房地产开发有限公司
13,万科玖望,在售,住宅,均价 20600元/平,杭州富阳永通房地产开发有限公司
14,凤起潮鸣,待售,别墅,价格待定,杭州绿城凤起置业有限公司
15,世茂智慧之门,在售,写字楼,均价 27000元/平,杭州世茂瑞盈置业有限公司 
16,中铁建国际公馆,在售,商业类,均价 32000元/平,中铁房地产集团华东有限公司
17,复地壹中心,在售,商业类,均价 20000元/平,杭州复曼达置业有限公司
18,宋都阳光国际,在售,住宅,均价 48000元/平,浙江东霖房地产开发有限公司
19,中港西湖院子,在售,别墅,总价 880-1300(万/套),杭州中港绿泰房地产开发有限公司
20,金骏大厦,在售,写字楼,均价 26000元/平,杭州金骏房地产开发有限公司
21,九龙仓雍景山,在售,别墅,总价 267-420(万/套),富汇房地产开发（富阳）有限公司 
22,浅山,在售,住宅,均价 14500元/平,淳安怡和置业有限公司
23,滨湖天地,在售,住宅,均价 22000元/平,杭州新天地集团有限公司
24,万通中心,在售,写字楼,均价 23000元/平,杭州万通时尚置业有限公司
25,诺德财富中心,在售,写字楼,均价 27000元/平,浙江正凯置业有限公司
26,钱江浙商创投中心,在售,写字楼,均价 30000元/平,浙江浙创置业有限公司
27,佳源未来府,在售,商业,均价 30000元/平,杭州蓝源置业有限公司
28,钱塘ONE,在售,商业类,均价 40000元/平,杭州汇辉置业有限公司
29,众安恒隆广场,在售,写字楼,均价 19000元/平,浙江众安房地产开发有限公司
30,世包国际中心,在售,商业类,均价 50000元/平,亚洲包装中心有限公司
31,时间名座玺寓,在售,商业类,均价 20000元/平,杭州加悦都实业有限公司
32,鼎和金座,在售,商业类,均价 21000元/平,杭州禹禾房地产开发有限公司
33,悦青蓝,待售,住宅,总价 200-270(万/套),杭州万胜房地产开发有限公司
34,公元帝景,在售,别墅,总价 513-966(万/套),杭州帝凯房地产开发有限公司
35,东海闲湖城,待售,别墅,总价 700(万/套),杭州东海春房地产开发有限公司
36,文渊狮城,在售,别墅,总价 503-650(万/套),杭州千岛湖新天地文化发展有限公司
37,泰禾野风大城小院,在售,别墅,总价 850(万/套),富阳野风乐多房地产开发有限公司
38,星云,在售,商业类,均价 28000元/平,浙江信维信息科技有限公司
39,永和之星,在售,商业类,均价 22000元/平,浙江永和房地产开发有限公司
40,临平新时代,在售,商业类,均价 16000元/平,浙江杭报金都创意产业发展有限公司
41,运河印,在售,商业类,均价 24000元/平,浙江万融置业有限公司
42,绿地商业中心,在售,商业类,均价 38000元/平,绿地控股集团杭州东城房地产开发有限公司
43,招商越秀公园1872,在售,商业,均价 46000元/平,招商局地产（杭州）有限公司
44,东方世贸城,在售,商业,均价 17000元/平,杭州温商机电实业有限公司
45,宋都时间名座,在售,商业,均价 21000元/平,杭州加悦都实业有限公司
46,白鹭郡西,在售,别墅,总价 3500(万/套),杭州林庐房地产开发有限公司 
47,万通中心,在售,商业,均价 50000元/平,杭州万通时尚置业有限公司
48,盈都吾角商业中心,在售,商业类,均价 26000元/平,杭州盈坤置业有限公司
49,汉港武林汇,在售,商业类,均价 24798元/平,杭州港联置业有限公司
50,世包国际中心,在售,写字楼,均价 43000元/平,亚洲包装中心有限公司
51,天骄香槟郡,在售,住宅,均价 9000元/平,浙江天骄置业有限公司
52,飘鹰富春江花苑,在售,住宅,均价 17000元/平,桐庐飘鹰置业有限公司
53,云水山居,在售,别墅,总价 530-745(万/套),杭州金宇房地产开发有限公司
54,山南印,在售,写字楼,均价 36000元/平,杭州泰悦置业有限公司
55,奥体万科中心,在售,写字楼,均价 30000元/平,浙江华运信德房地产开发有限公司
56,富力湖滨悦居,在售,住宅,均价 14000元/平,广州富力地产股份有限公司
57,招商I-Park,在售,底商,均价 55000元/平,暂无信息
58,越秀星悦城,在售,住宅,均价 21600元/平,杭州越秀房地产开发有限公司
59,佳源优樾,在售,住宅,均价 18500元/平, 浙江佳源房地产集团有限公司
60,中交财富中心,在售,写字楼,均价 23000元/平,暂无信息
61,东部之星,在售,商业类,均价 18000元/平,杭州东部大学科技园建设有限公司
62,万融城,在售,写字楼,均价 24000元/平,浙江万融置业有限公司
63,天骄香槟郡,在售,别墅,总价 336-480(万/套),浙江天骄置业有限公司
64,绿城云栖桃花源,在售,别墅,总价 1200-1500(万/套),杭州绿城银湖置业有限公司
65,华夏之心,在售,商业类,均价 26000元/平,杭州宝力康华置业有限公司
66,万科公望,待售,别墅,总价 1700(万/套),杭州富阳万科房地产开发有限公司
67,奥克斯时代未来之城,在售,写字楼,均价 27000元/平,杭州奥克斯置业有限公司
68,祥生云湖城,在售,住宅,均价 20500元/平,杭州祥生弘达房地产开发有限公司
69,山水时代,在售,商业类,均价 47000元/平,杭州龙都置业有限公司
70,励骏花园,在售,住宅,均价 19000元/平,杭州励骏置业有限公司
71,春江山居,在售,住宅,均价 12000元/平,杭州爱丽娜房地产开发有限公司
72,禹洲滨澜铭座,在售,商业类,均价 25000元/平,中维地产浙江有限公司
73,金马高悦府,在售,住宅,均价 19000元/平,桐庐桐鑫房地产开发有限公司
74,富力御江山小区,在售,住宅,均价 8000元/平,杭州冠富房地产开发有限公司
75,汇高栢悦中心,在售,写字楼,均价 16000元/平,杭州汇高置地有限公司
76,华策中心,在售,写字楼,均价 25000元/平,浙江影视产业国际合作实验区西溪实业有限公司
77,柳溪湾,在售,住宅,均价 10700元/平,杭州临安佳伟房地产开发有限公司
78,朗诗溪涧雅庐,待售,住宅,价格待定,杭州临安朗茂置业有限公司
79,春江山居,在售,别墅,总价 450(万/套),杭州爱丽娜房地产开发有限公司
80,运河万科中心,在售,写字楼,均价 23000元/平,杭州祥瑞汽车产业园开发有限公司
81,滨虹商务中心,在售,商业,均价 13500元/平,杭州新天地集团有限公司
82,中城汇MIDTOWN,在售,商业类,均价 35000元/平,杭州万璟置业有限公司
83,紫荆辰光,在售,商业类,均价 48000元/平,杭州成禾房地产开发有限公司
84,绿地亚洲公园,待售,别墅,总价 270-426(万/套),杭州绿地锦城房地产开发有限公司
85,融创港印中心,在售,底商,均价 35000元/平,杭州圆汇投资置业有限公司
86,绿城青亭,在售,商业类,均价 28000元/平,杭州望云房地产开发有限公司
87,星光荟,在售,商业,均价 25000元/平,杭州汇和置业有限公司
88,中冶锦绣公馆,待售,住宅,价格待定,杭州中冶名锦房地产开发有限公司
89,中冶锦绣公馆,在售,商业类,均价 65000元/平,杭州中冶名锦房地产开发有限公司
90,恒大御泉四季,在售,住宅,均价 8600元/平,杭州盛建置业有限公司
91,紫荆辰光,在售,商业,均价 49000元/平, 杭州成禾房地产开发有限公司
92,悦湖湾花园,在售,住宅,均价 15000元/平,杭州千岛湖浙远房地产开发有限公司
93,北辰奥园,在售,底商,均价 27000元/平,杭州北辰置业有限公司
94,竹悦山水轩,在售,住宅,均价 12000元/平,临安云海置业有限公司
95,钱塘ONE,在售,底商,均价 43750元/平,杭州汇辉置业有限公司
96,云安小镇,在售,商业类,均价 16500元/平,杭州青山湖森林硅谷开发有限公司
97,理想银泰城,在售,写字楼,均价 21000元/平,杭州理想银泰购物中心有限公司
98,嘉裕天城,在售,住宅,均价 19500元/平,杭州远邦房地产开发有限公司
99,地铁万科杭行道,在售,商业类,均价 35000元/平,杭州商庭房地产开发有限公司
100,世茂西溪宸悦,在售,商业,均价 90000元/平,杭州禾睿房地产开发有限公司
101,绿城青亭商铺,待售,商业,价格待定,杭州望云房地产开发有限公司
102,云都汇中心,在售,商业类,均价 29000元/平,杭州名宸置业有限公司
103,铂瑞悦府,在售,商业类,均价 38000元/平,杭州龙合实业有限公司
104,傲旋城,在售,住宅,均价 45000元/平,杭州恒兴置业有限公司
105,云集金座,在售,商业类,均价 12000元/平,浙江临安环球交通物流有限公司
106,融创森与海之城,在售,住宅,均价 14000元/平,杭州融阳政房地产开发有限公司
107,启迪协信科技城,在售,商业类,均价 29000元/平,杭州启迪协信建塘科技发展有限公司
108,五幸银座,在售,商业类,均价 27500元/平,杭州西江置业有限公司
109,杭州春树云筑,在售,商业类,均价 35000元/平,杭州西投绿城置业有限公司
110,海威天地,在售,商业类,均价 48000元/平,杭州融威置业有限公司
111,云上金铭府,在售,住宅,均价 22000元/平,杭州景扬置业有限公司
112,奥体朝龙汇,在售,写字楼,均价 31000元/平,杭州国逸实业有限公司
113,华夏之心,在售,写字楼,均价 27000元/平,暂无信息
114,碧桂园铂玺湾,在售,住宅,均价 22000元/平,杭州富睿置业有限公司
115,美的西径晓风,在售,住宅,均价 18500元/平,杭州美煜房地产发展有限公司
116,美的西径晓风,在售,别墅,总价 310-550(万/套),杭州美煜房地产发展有限公司
117,之江潮,在售,商业类,均价 31000元/平,杭州骏功置业有限公司
118,中骏临栖云府,在售,住宅,均价 18600元/平,杭州嘉怡置业有限公司
119,新湖金色池塘,在售,住宅,均价 15200元/平,杭州新湖鸬鸟置业有限公司
120,新湖金色池塘,在售,别墅,总价 260(万/套),杭州新湖鸬鸟置业有限公司
121,滨江定福阁,待售,别墅,价格待定,杭州新惠房地产开发有限公司
122,国开东方锦城学府,在售,住宅,均价 20000元/平,杭州轩湖房地产开发有限公司
123,融创森与海之城,在售,别墅,总价 600(万/套),杭州融阳政房地产开发有限公司
124,绿都鉴未来,在售,底商,均价 40000元/平,杭州睿都置业有限公司
125,水岸华府,在售,住宅,均价 11000元/平,杭州融旺房地产开发有限公司
126,富阳宸光悦,在售,住宅,均价 22000元/平,杭州祥生弘腾房地产开发有限公司
127,景顺铂悦城,在售,商业类,均价 35000元/平,杭州望景置业有限公司
128,锦和云水江南,在售,别墅,总价 280-380(万/套),杭州精文文广投资有限公司
129,保利欣品华庭,在售,住宅,均价 32000元/平,杭州保利建嘉房地产开发有限公司
130,东亚溪雅香舍,在售,住宅,均价 10500元/平,杭州嘉缘房地产开发有限公司
131,千岛湖绿城桂语江南,在售,住宅,均价 14500元/平,杭州汤姆房地产开发有限公司
132,融信美好宝龙锦云澜天里,在售,住宅,均价 19099元/平,杭州美生美置业有限公司
133,凤凰府邸,在售,别墅,总价 481-483(万/套),杭州越城房地产开发有限公司
134,碧桂园万科悦望名邸,待售,别墅,总价 486-660(万/套),杭州富耀置业有限公司
135,镜象西湖,在售,商业类,均价 30000元/平,杭州世腾置业有限公司
136,赞成星谷,在售,底商,均价 37000元/平,杭州润庆置业有限公司
137,傲旋城,在售,商业类,均价 31000元/平,杭州恒兴置业有限公司
138,融创融耀之城,待售,住宅,均价 24000元/平,杭州昌茂置业有限公司
139,江滨公望大厦,在售,商业类,均价 22000元/平,杭州公望置业有限公司
140,柳岸晓风新都,在售,住宅,均价 16000元/平,尚雅置业（杭州）有限公司
141,柳岸晓风新都,在售,别墅,总价 266-315(万/套),尚雅置业（杭州）有限公司
142,玲珑郡,在售,商业类,均价 15000元/平,杭州君元数字科技有限公司
143,德信空港城,在售,商业类,均价 23000元/平,杭州空港置业有限公司
144,湖光山社,在售,别墅,总价 536(万/套),浙江新广发置业有限公司
145,未来七彩小镇,在售,商业,均价 43000元/平,嘉凯城城镇化建设发展（余杭闲林）有限公司
146,地铁万科五常车辆段上盖,在售,商业,均价 40000元/平,杭州西曙置业有限公司
147,世嘉铭座,在售,商业类,均价 28000元/平,杭州新天地集团有限公司
148,凤凰府邸,在售,住宅,均价 9800元/平,杭州越城房地产开发有限公司
149,澳海云樾赋,在售,住宅,均价 13300元/平,杭州澳澜房地产开发有限公司
150,江山云樾府,在售,住宅,均价 26200元/平,杭州祥生弘图房地产开发有限公司
151,润枫东润紫园,在售,住宅,均价 12000元/平,淳安润枫房地产开发有限公司
152,赞成武林里,在售,商业类,均价 32000元/平,杭州赞成美树置业有限公司
153,湖印宸山庄,在售,别墅,总价 850-1000(万/套),浙江暄竺实业有限公司
154,碧桂园万科悦望名邸,在售,住宅,均价 21900元/平,杭州富耀置业有限公司
155,美麓美座,在售,商业类,均价 25000元/平,杭州北麓房地产开发有限公司
156,港郦中心,在售,商业类,均价 35000元/平,杭州港郦置业有限公司
157,富春金茂星外滩·秦望府,在售,住宅,均价 29800元/平,杭州秦茂置业有限公司
158,滨江旭辉滨旭府,在售,住宅,均价 25600元/平,杭州兴塘置业有限公司
159,樟宜翠湾,在售,住宅,均价 29800元/平,杭州锦宁置业有限公司
160,奥莱金街,在售,商业类,均价 37000元/平,杭州九耀置业有限公司
161,地铁万科彩虹天空之城,在售,住宅,均价 25600元/平,杭州南璟置业有限公司
162,天樾四季城,在售,住宅,均价 22500元/平,杭州运塘房地产开发有限公司
163,天樾四季城,在售,别墅,总价 344-350(万/套),杭州运塘房地产开发有限公司
164,千岛湖滨江城市之星,在售,住宅,均价 18000元/平,淳安千岛湖森垄房地产开发有限公司
165,佳源驭远玖墅,在售,别墅,总价 565-898(万/套),杭州国申房地产开发有限公司
166,越秀星汇中心,在售,写字楼,均价 11000元/平,杭州越秀房地产开发有限公司
167,海威天地,在售,底商,均价 65000元/平,杭州融威置业有限公司
168,佳源岛,在售,住宅,均价 10000元/平,淳安汇和房地产开发有限公司
169,星创城映月璟园,待售,住宅,均价 29000元/平,浙江星望置业有限公司
170,浅山,在售,别墅,总价 351-358(万/套),淳安怡和置业有限公司
171,杭房首望澜翠府,在售,住宅,均价 19000元/平,杭州翠祥房地产有限公司
172,百郦玲珑府,在售,住宅,均价 36800元/平,甘建投（杭州）房地产有限公司
173,阳光城檀瑞府,在售,住宅,均价 22000元/平,杭州富阳乘光置业有限公司
174,中顺新澜悦,在售,写字楼,均价 22000元/平,杭州宏晟置业有限公司
175,弘涵望江月,在售,住宅,均价 8800元/平,杭州弘涵房地产开发有限公司
176,七彩星商业中心,在售,商业,均价 50000元/平,嘉凯城城镇化建设发展（余杭星桥）有限公司
177,浅隐云庐,在售,别墅,总价 220-530(万/套),杭州耕织园农业开发有限公司
178,银城青山湖畔,在售,住宅,均价 21000元/平,银城地产集团股份有限公司
179,申花印月,在售,商业类,均价 40000元/平,中锦联城控股有限公司
180,瑞源邸,在售,住宅,均价 20500元/平,杭州众安银晟置业有限公司
181,臻奥院,在售,写字楼,均价 80000元/平,杭州信达奥体置业有限公司
182,华景川科大.湖沁宸园,在售,住宅,均价 19800元/平,杭州景科房地产开发有限公司
183,中天翡玥府,在售,住宅,均价 18000元/平,杭州瑞盛房地产开发有限公司
184,新希望锦翠栖源,在售,住宅,均价 31350元/平,杭州锦棠置业有限公司
185,宁望府,在售,住宅,均价 33500元/平,杭州滨锦房地产开发有限公司
186,正荣鹤亭熙青府,待售,住宅,价格待定,正腾置业（杭州）有限公司
187,瀚悦宸邸,待售,住宅,价格待定,杭州鸿扬投资管理有限公司
188,沁悦宸轩,待售,住宅,价格待定,杭州鸿扬投资管理有限公司
189,海威天地,在售,写字楼,均价 48000元/平,杭州融威置业有限公司
190,迪凯金座,在售,写字楼,均价 67000元/平,浙江华峰房地产开发有限公司
191,春题杭玥府,在售,底商,均价 40000元/平,杭州瑞进合能房地产开发有限公司
192,滨玺云著,在售,住宅,均价 38000元/平,杭州信尔置业有限公司
193,桐韵家园,在售,住宅,均价 16000元/平,杭州韵致科技有限公司
194,如沐清晖城,在售,别墅,总价 525-645(万/套),杭州临安西子房地产开发有限公司
195,中骏鼎湖未来云城,在售,住宅,均价 28500元/平,杭州骏熠置业有限公司
196,华城茶语华邸,在售,住宅,均价 22600元/平,杭州华城房地产开发有限公司
197,兴耀岚漫之城,在售,住宅,均价 19800元/平,杭州星淑置业有限公司
198,星雅望居,待售,住宅,价格待定,杭州融琴置业有限公司
199,洺川名著,待售,住宅,价格待定,杭州滨拓企业管理有限公司
200,银泰仙女湖小镇,待售,别墅,总价 551-933(万/套),杭州云石仙女湖置业有限公司
201,临之锦,在售,住宅,均价 29000元/平,杭州轩源实业有限公司
202,融信如澜,待售,住宅,价格待定,杭州融珏实业有限公司
203,望青府,待售,住宅,价格待定,杭州沃都房地产开发有限公司
204,耦贤里,待售,住宅,价格待定,杭冠置业（杭州）有限公司
205,耦贤里,待售,别墅,价格待定,杭冠置业（杭州）有限公司
206,湖语牧松,在售,别墅,总价 360-450(万/套),杭州鑫澜置业有限公司
207,雨润星雨华府三期,在售,别墅,总价 354-455(万/套),杭州众汇置业有限公司
208,岫町华庭,待售,住宅,价格待定,杭州英蓝置业有限公司
209,钱潮鸣翠云筑,待售,写字楼,价格待定,杭州滨硕实业有限公司
210,青西铭府,待售,住宅,价格待定,杭州大江东地产开发有限公司
211,棠颂大院,在售,住宅,均价 18900元/平,杭州青曼置业有限公司
212,大华峰汇华城,在售,住宅,均价 24500元/平,杭州熙华房地产开发有限公司
213,如沐清晖城,在售,住宅,均价 22500元/平,杭州临安西子房地产开发有限公司
214,绿都中天云屿江月,在售,住宅,均价 16500元/平,杭州辉都置业有限公司
215,天瑄城,待售,住宅,均价 33400元/平,杭州龙悦有限公司
216,招商博奥花宸里,待售,商业类,价格待定,招商局地产（杭州）有限公司
217,栖江揽月轩,待售,住宅,均价 66000元/平,杭州滨兴实业有限公司
218,观翠揽月轩,待售,住宅,价格待定,杭州滨甬实业有限公司
219,新鸿基平安江河汇,待售,住宅,价格待定,华润新鸿基房地产（杭州）有限公司
220,地上衣锦上府,待售,住宅,价格待定,杭州地上房地产集团有限公司
221,严州云境府,待售,住宅,价格待定,杭州新城骏宏恒锦房地产开发有限公司
222,平高创业城,待售,商业类,价格待定,平高置业（杭州）有限公司
223,华景川云萃天和城,待售,住宅,价格待定,杭州富阳景莱房地产开发有限公司
224,杭房启润学府,待售,住宅,价格待定,杭州启祥房地产开发有限公司
225,杭房富春山居湖著观邸,待售,住宅,价格待定,杭州市房地产开发集团有限公司
226,鲲鹏府,待售,住宅,价格待定,杭州浩都房地产开发有限公司
227,绿城西溪深蓝,在售,商业类,均价 38000元/平,浙江赛智建设有限公司
228,河映云集,待售,住宅,价格待定,杭州中海海跃房地产有限公司
229,建发缦云轩,在售,写字楼,均价 50000元/平,杭州兆顺房地产有限公司
230,杭珹未来中心,待售,住宅,均价 36100元/平,杭州润汀商业地产有限公司
231,保利都和轩,待售,住宅,均价 33000元/平,杭州保源置业有限公司
232,天溪半岛,在售,别墅,总价 1000-1900(万/套),富春江旅游度假区开发有限公司
233,绿都中天云屿江月,在售,别墅,总价 420(万/套),杭州辉都置业有限公司
234,月映星语园,在售,住宅,均价 24000元/平,杭州星桂置业有限公司
235,绿城咏桂里,待售,住宅,价格待定,绿城房地产集团有限公司
236,名门旺府,在售,住宅,均价 11000元/平,杭州恒晨置业有限公司
237,风荷叠翠府,待售,住宅,价格待定,杭州新黄浦滨致房地产开发有限公司
238,金隅会潮悦府,待售,住宅,均价 46500元/平,金隅悦潮（杭州）房地产开发有限公司
239,德信·临望宸府,待售,住宅,均价 16100元/平,杭州德信临滨置业有限公司
240,华城茶语华邸,待售,别墅,价格待定,杭州华城房地产开发有限公司
241,中天宸锦学府,在售,住宅,均价 25000元/平,杭州嘉境房地产开发有限公司
242,裕隆大厦,在售,写字楼,均价 26000元/平,杭州裕捷置业有限公司
243,平高创业城,在售,写字楼,均价 20000元/平,平高置业（杭州）有限公司
244,之江明月府,待售,住宅,价格待定,杭州绿金匠心置地有限公司
245,之江明月府,待售,别墅,价格待定,杭州绿金匠心置地有限公司
246,杭腾未来社区,待售,住宅,价格待定,杭州嘉腾交控西站有限公司
247,枫翠岚湾,待售,住宅,价格待定,杭州滨晨房地产开发有限公司
248,听悦雅庭,待售,住宅,价格待定,杭州新黄浦滨顺房地产开发有限公司
249,紫阅云宸里,待售,住宅,价格待定,杭州嘉颂房地产开发有限公司
250,湖境天宸里,待售,住宅,价格待定,杭州会林盛和置业有限公司
251,湖悦岚湾,待售,住宅,均价 21300元/平,杭州滨耀置业有限公司
252,锦上云澜,待售,住宅,价格待定,杭州锦宇房地产开发有限公司
253,祥生文海府,待售,住宅,价格待定,杭州祥生弘德房地产开发有限公司
254,滨萃悦府,待售,住宅,价格待定,杭州越文房地产开发有限公司
255,春樾星宸,待售,住宅,价格待定,中天建设集团有限公司
256,棠源美宸,待售,住宅,价格待定,浙江天都实业有限公司
257,江宸商务中心,待售,商业类,价格待定,杭州钱和置业有限公司
258,天目山晓城,待售,别墅,价格待定,杭州滨江房产集团股份有限公司
259,东原东傲城,在售,底商,均价 35000元/平,杭州东望房地产开发有限公司
260,东原东傲城,在售,写字楼,均价 13000元/平,杭州东望房地产开发有限公司
261,浅山明月府,待售,住宅,价格待定,桐庐县金枝房地产开发有限公司
262,月咏新辰轩,待售,住宅,均价 30500元/平,杭州凤溪置业有限公司
263,地铁万科彩虹天空之城,在售,商业,均价 35000元/平,杭州南璟置业有限公司
264,保亿丽云府,待售,住宅,价格待定,杭州临安曙光商贸有限公司
265,江晖府,待售,住宅,价格待定,杭州滨建房地产开发有限公司
266,翠揽云境,待售,住宅,价格待定,杭州中海海犇房地产有限公司
267,佳源快乐,在售,商业类,均价 12000元/平,杭州和源置业有限公司
268,天瑄城,在售,写字楼,均价 30000元/平,杭州龙悦有限公司
269,滨江春宸上府,待售,住宅,价格待定,杭州滨麟置业有限公司
270,隐舟府,待售,别墅,价格待定,杭州银昇置业有限公司
271,运晓花望府,待售,住宅,价格待定,杭州北榆房地产开发有限公司
272,粤港湾·心安江上,待售,住宅,价格待定,广州粤港湾投资有限公司
273,宸鹭香舍,待售,住宅,价格待定,杭州鑫语置业有限公司
274,海悦中心,在售,写字楼,均价 25000元/平,杭州海悦地产有限公司
275,城北地铁宝龙城市广场,在售,商业,均价 45000元/平,杭州宝龙桃源实业发展有限公司
276,绿城华润晓月映翠,待售,住宅,价格待定,杭州浙怡置业有限公司
277,绿地商业中心,待售,写字楼,价格待定,绿地控股集团杭州东城房地产开发有限公司
278,隐舟府,待售,住宅,价格待定,杭州银昇置业有限公司
279,星瓒颂锦府,待售,住宅,价格待定,杭州伟星置业有限公司
280,中南未来里,在售,底商,均价 45000元/平,杭州中璟邦达置业有限公司
281,建发天悦云庐,在售,住宅,均价 20000元/平,桐庐兆禧房地产有限公司
282,建发天悦云庐,待售,别墅,价格待定,桐庐兆禧房地产有限公司
283,棠前嘉座,待售,写字楼,价格待定,杭州滨绍房地产开发有限公司
284,城北地铁宝龙城市广场,在售,底商,均价 45000元/平,杭州宝龙桃源实业发展有限公司
285,棠颂大院,在售,别墅,总价 500(万/套),杭州青曼置业有限公司
286,蓝城云和里,待售,写字楼,价格待定,杭州天坤实业有限公司
287,绿城莲园,在售,别墅,总价 1239-1260(万/套),浙江昆源房地产开发有限公司
288,悠隐南山,在售,别墅,均价 34000元/平,浙江森野房地产开发有限公司
289,盈都新天地,在售,商业类,均价 14500元/平,浙江艺博汇家饰城经营管理有限公司
290,中旅•锦绣东方,在售,住宅,均价 14000元/平,宁波杭州湾新区华旅置业有限公司
291,江南御苑,在售,住宅,均价 17000元/平,同焜房地产开发（嘉善）有限公司
292,金昌白鹭凤林,在售,住宅,均价 24000元/平,绍兴金昌展业置业有限公司
293,光明梦想城,在售,住宅,均价 12500元/平,光明房地产集团股份有限公司
294,大地西城美院,在售,住宅,均价 7700元/平,绍兴嵊州品冠置业有限公司
295,大地西城美院,在售,别墅,总价 290-460(万/套),绍兴嵊州品冠置业有限公司
296,港中旅和乐小镇,在售,住宅,均价 14000元/平,港中旅（安吉）旅游发展有限公司
297,港中旅和乐小镇,在售,别墅,总价 300-360(万/套),港中旅（安吉）旅游发展有限公司
298,长和庄园,在售,住宅,均价 7500元/平,长兴万鑫房地产开发有限公司
299,云山境,在售,住宅,均价 18000元/平,安吉云顶置业有限公司
300,欣龙江南府,在售,住宅,均价 8500元/平,浙江欣龙房地产开发有限公司
301,阳光城碧桂园玺园,在售,住宅,均价 30000元/平,绍兴汀光房地产开发有限公司
302,镜湖之星,在售,商业类,均价 17500元/平,绍兴市金翔置业有限公司
303,中旅·海泉湾,在售,住宅,均价 13000元/平,宁波杭州湾新区海泉湾旅游开发有限公司
304,洛塘滨河郡,在售,住宅,均价 15500元/平,嘉兴诺屹置业有限公司
305,驭远中南玖熙湾,在售,住宅,均价 15000元/平,中荣地产（杭州）有限公司
306,世外旭辉城,在售,住宅,均价 13000元/平,浙江均旭房地产开发有限公司
307,玖境府,在售,住宅,均价 12700元/平,湖州金睿置业有限公司
308,宝龙旭辉城,在售,住宅,均价 14000元/平,浙江湖州宝辉房地产开发有限公司
309,伟立活力,在售,商业类,均价 16500元/平,浙江伟业房产集团有限公司
310,学仕嘉园,在售,住宅,均价 8600元/平,湖州锦瑞置业有限公司
311,朗诗绿洲璟院,在售,住宅,均价 13500元/平,睿奥（嘉兴）房地产开发有限责任公司
312,和庄云顶,在售,别墅,总价 250-480(万/套),诸暨颐和康养度假产业开发有限公司
313,宝能藏珑,在售,住宅,均价 26500元/平,绍兴宝泰置业有限公司
314,金樾玖著,在售,住宅,均价 19000元/平,绍兴越胜房地产开发有限公司
315,世茂美的云筑,在售,住宅,均价 24000元/平,绍兴茂旭置业有限公司
316,科大春风印月里,在售,住宅,均价 11000元/平,桐乡金鸿嘉置业有限公司
317,海波名苑,在售,住宅,均价 18500元/平,绍兴裕隆房地产开发有限公司
318,星河名府,在售,住宅,均价 12000元/平,绍兴金屹房地产开发有限公司
319,鑫康家园,在售,住宅,均价 7500元/平,绍兴鑫川置业有限公司
320,鑫康家园,在售,别墅,总价 270-310(万/套),绍兴鑫川置业有限公司
321,深石上东里,在售,别墅,总价 390(万/套),绍兴拓石置业有限公司
322,绿城濮园杏林苑,在售,住宅,均价 18125元/平,桐乡市濮院旅游有限公司
323,绿城濮园翔云苑,在售,住宅,均价 17973元/平,桐乡市濮院旅游有限公司
324,江南一品,在售,住宅,均价 10900元/平,海盐鸿科地置业有限公司
325,三盛汝悦璟园,在售,住宅,均价 24300元/平,绍兴荣杭房地产开发有限公司
326,金科时代天悦,在售,住宅,均价 14500元/平,浙江嘉兴金乾房地产开发有限公司
327,滨河商业中心,在售,商业,均价 30000元/平,嘉凯城城镇化建设发展(绍兴)有限公司
328,湖墩茗苑,在售,住宅,均价 7600元/平,绍兴瑜杰房地产开发有限公司
329,新滨广场,在售,商业,均价 30000元/平,绍兴新滨房地产开发有限公司
330,璞圆烟雨阁,在售,别墅,总价 647-665(万/套),暂无信息
331,保亿湖风晓园,在售,住宅,均价 27600元/平,保亿悦城（绍兴）房地产开发有限公司
332,鸿翔金桂里,在售,住宅,均价 15500元/平,海宁鸿恩置业有限公司
333,和庄沁园,在售,别墅,总价 1100(万/套),诸暨颐和置业有限公司
334,荣安观江园,在售,住宅,均价 24300元/平,绍兴香州置业有限公司
335,云锦东方,在售,住宅,均价 19800元/平,绍兴益驰置业有限公司
336,会稽云庐,在售,别墅,总价 400-637(万/套),绍兴颐康置业有限公司
337,星尚镜廷,在售,住宅,均价 23500元/平,绍兴星尚置业有限公司
338,武地融创樾湖湾,在售,住宅,均价 21666元/平,武汉地产绍兴统建城市开发有限公司
339,金科旭辉上河之城,在售,住宅,均价 23800元/平,绍兴金翎置业有限公司
340,宝业云溪里,在售,住宅,均价 12500元/平,绍兴柯桥宝红房地产开发有限公司
341,星澜城,在售,住宅,均价 18500元/平,绍兴聚嵘置业有限公司
342,和天地商业中心,在售,商业,均价 30000元/平,绍兴可萌房地产开发有限公司
343,鸿悦府,在售,住宅,均价 9380元/平,绍兴鸿裕置业有限公司
344,匠心好园,在售,住宅,均价 15800元/平,桐乡市匠心房地产开发有限公司
345,华景川融信晴芳园,在售,住宅,均价 17500元/平,桐乡市嘉筑置业有限公司
346,枫尚学府,在售,住宅,均价 16900元/平,嘉善骏跃房地产开发有限公司
347,锦博学府,在售,住宅,均价 18000元/平,嘉善县世纪房产开发有限公司
348,鹃南府,在售,住宅,均价 13750元/平,浙江科大实业投资集团有限公司
349,春风棠颂府,在售,别墅,总价 230-310(万/套),绍兴市上虞舜泰房产开发有限公司
350,鸿翔云望,在售,住宅,均价 24500元/平,海宁鸿杭置业有限公司
351,华宸府,在售,住宅,均价 14000元/平,海宁金越房地产开发有限公司
352,卓越春熙里,在售,住宅,均价 13000元/平,暂无信息
353,万城·杭悦府,在售,住宅,均价 25000元/平,浙江万城实业集团有限公司
354,悦汇大厦,在售,商业,均价 11000元/平,绍兴远大房地产开发有限公司
355,华欣春晓园,在售,住宅,均价 12000元/平,海宁华欣房产有限公司
356,华欣春晓园,在售,别墅,总价 271-311(万/套),海宁华欣房产有限公司
357,和庄沁园,在售,商业类,均价 11000元/平,诸暨颐和置业有限公司
358,融创江南桃源,在售,别墅,总价 416-680(万/套),湖州海王康山置业发展有限公司
359,万城九悦府,在售,住宅,均价 13000元/平,浙江万城实业集团有限公司
360,新邻里广场,在售,住宅,均价 8800元/平,嵊州新邻里置业有限公司
361,万城万杭府,在售,住宅,均价 24500元/平,浙江万城实业集团有限公司
362,绿城春来云潮,在售,住宅,均价 13300元/平,宁波杭州湾新区海鹏置业有限公司
363,绍兴黄酒小镇,在售,住宅,均价 22400元/平,融创
364,江南明月府,在售,住宅,均价 13770元/平,绍兴亿晋房地产开发有限公司
365,绿城濮园梅泾苑,在售,住宅,均价 18963元/平,桐乡市濮院旅游有限公司
366,华景川溪上云筑,在售,住宅,均价 12650元/平,嘉兴市嘉川房地产开发有限公司
367,中筑名孝府,在售,住宅,均价 8500元/平,暂无信息
368,华景川溪上云筑,在售,别墅,总价 450(万/套),嘉兴市嘉川房地产开发有限公司
369,悦景湾,在售,住宅,均价 14000元/平,绍兴明石置业有限公司
370,荣安▪御宾湾,在售,住宅,均价 15500元/平,湖州美安置业有限公司
371,融创嘉潮府,在售,住宅,均价 19750元/平,嘉兴裕恒房地产开发有限公司
372,绿城明月春江,在售,住宅,均价 8800元/平,浙江亿和房地产开发有限公司
373,绿城江南明月府（店口）,在售,住宅,均价 14500元/平,诸暨市亿昌房地产开发有限公司
374,金辉璟樾云著,在售,住宅,均价 22500元/平,绍兴越辉置业有限公司
375,中南君启,在售,住宅,均价 11000元/平,湖州悦馨置业有限公司
376,天阅美湖居,在售,住宅,均价 12800元/平,宁波杭州湾天美欢乐家园置地有限公司
377,新邻里广场,在售,商业,均价 15000元/平,嵊州新邻里置业有限公司
378,正黄未来天辰苑,在售,住宅,均价 12750元/平,嘉兴筑垣置业有限公司
379,万科•臻境,在售,住宅,均价 20100元/平,嘉兴万昆房地产开发有限公司
380,鸿翔北辰金邸,在售,住宅,均价 13000元/平,嘉善鸿翔中金置业有限公司
381,华润置地中心,在售,写字楼,均价 15000元/平,嘉兴润桐置业有限公司
382,秀悦澜庭,在售,住宅,均价 12800元/平,嘉兴市秀鑫置业有限公司
383,凤启天宸中心,在售,写字楼,均价 22000元/平,地盛集团股份有限公司
384,正黄和锦府,在售,住宅,均价 12430元/平,湖州正黄置业有限公司
385,龙湖景璘府,在售,住宅,均价 13500元/平,湖州竹胜园房地产有限公司
386,金地·天元鸣望邸,在售,住宅,均价 24000元/平,嘉兴金桐房地产开发有限公司
387,时代天境（海宁）,在售,住宅,均价 22500元/平,嘉兴瑞达运营管理有限公司
388,朗诗绿洲璟院,在售,别墅,总价 330-400(万/套),睿奥（嘉兴）房地产开发有限责任公司
389,合境·星耀里,在售,商业,均价 11000元/平,诸暨市诸邦置业有限公司
390,万科-光年里,在售,住宅,均价 16800元/平,嘉兴万贤建设开发有限公司
391,龙湖景璘府,在售,别墅,总价 550-1200(万/套),湖州竹胜园房地产有限公司
392,悦湖里,在售,住宅,均价 15000元/平,平湖市鸿正房地产开发有限公司
393,新希望锦麟天樾,在售,住宅,均价 22500元/平,嘉兴锦川置业有限公司
394,织里浙北城市广场,在售,商业,均价 10000元/平,湖州织里浙北大厦购物广场有限公司
395,秀宸华府,在售,住宅,均价 13500元/平,嘉兴卓航房地产开发有限公司
396,大家锦玥府,在售,住宅,均价 31000元/平,绍兴新樾置业有限公司
397,浙投滨海国际,在售,酒店式公寓,均价 9800元/平,绍兴中泰投资置业有限公司
398,锦粼鸣庐,在售,住宅,均价 14050元/平,嘉兴锦致置业有限公司
399,锦粼鸣庐,在售,别墅,总价 1000(万/套),嘉兴锦致置业有限公司
400,康宇·西林花园,在售,住宅,均价 13000元/平,诸暨康宇房地产开发有限公司
401,融创·嘉望府,在售,住宅,均价 15650元/平,嘉兴臻和置业有限公司
402,朗臻江南府,在售,住宅,均价 9500元/平,诸暨市远光置业有限公司
403,书香里,在售,住宅,均价 23062元/平,桐乡市桐新房地产开发有限公司
404,中南君启,在售,别墅,总价 350(万/套),湖州悦馨置业有限公司
405,金辉象屿·观澜云庭,在售,住宅,均价 18000元/平,绍兴云辉置业有限公司
406,绿城九龙仓柳岸晓风,售罄,别墅,价格待定,暂无信息
407,金辉蓝光星奕云著,售罄,住宅,总价 268(万/套),杭州启辉置业有限公司
408,万科大溪谷,售罄,住宅,均价 20800元/平,浙江南都置业有限公司
409,中城汇MIDTOWN,售罄,住宅,价格待定,杭州万璟置业有限公司
410,金科碧桂园博翠府,售罄,住宅,均价 30700元/平,杭州金宸房地产开发有限公司
411,和家园雍园,售罄,别墅,总价 915(万/套),杭州振兴置业投资有限公司
412,钱江国际时代广场,售罄,商业类,价格待定,暂无信息
413,融创东南海,售罄,商业类,均价 23000元/平,杭州嘉融置业有限公司
414,融创东麟府,售罄,别墅,总价 388(万/套),杭州创华置业有限公司
415,绿城九龙仓桂语江南,售罄,别墅,价格待定,杭州绿九启奥置业有限公司
416,融信江南学府,售罄,别墅,价格待定,杭州融悦房地产开发有限公司
417,云悦湾,售罄,住宅,均价 40230元/平,杭州盛寅房地产开发有限公司
418,融信沐澜,售罄,住宅,价格待定,杭州恺泽房地产开发有限公司
419,金隅中铁诺德都会森林,售罄,住宅,均价 59200元/平,金隅中铁诺德（杭州）房地产开发有限公司
420,首开东城金茂府,售罄,住宅,均价 47170元/平,兴茂置业（杭州）有限公司
421,金地宋都都会钱塘,售罄,住宅,均价 24652元/平,杭州金兴房地产开发有限公司
422,云悦湾,售罄,别墅,总价 1284(万/套),杭州盛寅房地产开发有限公司
423,碧桂园良樾,售罄,别墅,总价 283(万/套),杭州碧城置业有限公司
424,滨江碧桂园翡翠江南,售罄,住宅,均价 33300元/平,杭州滨欣房地产开发有限公司
425,滨江碧桂园卧城印象,售罄,住宅,均价 25200元/平,杭州滨翰房地产开发有限公司
426,中粮梦栖祥云,售罄,别墅,价格待定,杭州良悦置业有限公司
427,滨江碧桂园卧城印象,售罄,别墅,总价 836(万/套),杭州滨翰房地产开发有限公司
428,融创金成江南府,售罄,别墅,总价 2300(万/套),杭州金泓置业有限公司
429,碧桂园越溪府,售罄,别墅,总价 500(万/套),杭州碧泰置业有限公司
430,香港兴业耦园,售罄,别墅,价格待定,暂无信息
431,东南钱江蓝湾,售罄,别墅,价格待定,杭州亚马逊置业有限公司
432,融创金成英特学府,售罄,别墅,价格待定,杭州都成置业有限公司
433,合景天銮,售罄,别墅,价格待定,杭州泓升房地产开发有限公司
434,融信萧山公馆,售罄,别墅,价格待定,杭州恺兴房地产开发有限公司 
435,新城璟隽公馆,售罄,商业类,均价 23000元/平,杭州新城美佳房地产开发有限公司
436,鸿盛家园,售罄,住宅,均价 15000元/平,临安鸿盛房地产开发有限公司
437,景瑞阳光城法兰公园,售罄,别墅,价格待定,杭州销颖房地产开发有限公司
438,碧桂园金科尚合府,售罄,住宅,价格待定,杭州金渝房地产开发有限公司
439,君望花苑,售罄,别墅,总价 410(万/套),暂无信息
440,朗诗枫荟,售罄,商业类,均价 21000元/平,杭州朗正置业有限公司
441,秀隐翠园,售罄,住宅,价格待定,杭州融恒置业有限公司
442,远洋西溪公馆,售罄,住宅,价格待定,浙江国恒西溪置业有限公司
443,海伦堡棠锦,售罄,住宅,总价 283(万/套),杭州东田上庭置业有限公司
444,华夏之心,售罄,住宅,价格待定,暂无信息
445,北辰国颂府,售罄,别墅,总价 871(万/套),杭州北辰置业有限公司
446,融信杭州世纪,售罄,住宅,总价 628(万/套),杭州融浩置业有限公司
447,绿城西溪云庐,售罄,别墅,总价 2400(万/套),暂无信息
448,国开东方凤凰台,售罄,住宅,价格待定,杭州丽湖房地产开发有限公司
449,绿城和庐,售罄,住宅,价格待定,杭州绿城东和置业有限公司
450,龙湖江与城,售罄,别墅,总价 469(万/套),杭州龙湖房地产开发有限公司
451,西房拱宸外滩,售罄,别墅,价格待定,杭州鑫贤置业有限公司
452,滨江新希望新城未来海岸,售罄,别墅,总价 526(万/套),杭州滨宏房地产开发有限公司
453,万丽璞丽,售罄,住宅,价格待定,杭州万霖置业有限公司
454,越秀景瑞悦见山,售罄,住宅,价格待定,杭州越荣房地产开发有限公司
455,碧桂园前宸府,售罄,住宅,均价 21300元/平,杭州碧辰置业有限公司
456,德信碧桂园印江南,售罄,住宅,均价 26318元/平,浙江德盛置业有限公司
457,开元名城,售罄,商业类,均价 23000元/平,杭州开元世纪置业有限公司
458,金地滨江万科悦虹湾,售罄,住宅,价格待定,杭州金昇房地产开发有限公司
459,绿地华家池印,售罄,住宅,均价 56000元/平,绿地控股集团杭州东城房地产开发有限公司
460,西溪新城市,售罄,底商,价格待定,杭州西溪汇金置业有限公司 
461,大家金鼎府,售罄,住宅,价格待定,杭州景帆置业有限公司
462,碧桂园东旭府,售罄,住宅,均价 18156元/平,杭州碧悦置业有限公司
463,润东府,售罄,住宅,均价 11500元/平,杭州晶华房地产开发有限公司
464,融信沐澜,售罄,别墅,总价 400(万/套),杭州恺泽房地产开发有限公司
465,三湘印象森林海尚,售罄,住宅,均价 45800元/平,杭州三湘印象置业有限公司
466,绿城九龙仓桂语朝阳,售罄,住宅,均价 29800元/平,杭州绿城朝阳置业有限公司
467,绿城九龙仓桂语朝阳,售罄,别墅,总价 260(万/套),杭州绿城朝阳置业有限公司
468,阳光郡,售罄,住宅,价格待定,浙江建投发展房地产开发有限公司
469,金地广场,售罄,商业类,价格待定,杭州威新房地产开发有限公司
470,嘉里云荷廷,售罄,住宅,价格待定,汇耀置业（杭州）有限公司
471,阳光城普升,售罄,住宅,价格待定,浙江中大正能量房地产有限公司
472,中国铁建国际花园,售罄,住宅,价格待定,暂无信息
473,滨江东方海岸(萧山),售罄,住宅,价格待定,杭州滨江盛元海岸房地产开发有限公司
474,郡原相江公寓,售罄,住宅,价格待定,杭州天名房地产有限公司
475,金都夏宫,售罄,住宅,价格待定,杭州贝利金都置业有限公司
476,保亿丽景山,售罄,别墅,价格待定,保亿置业（杭州）有限公司
477,茂宸金座,售罄,住宅,均价 70000元/平,杭州世茂嘉年华置业有限公司
478,新城峯璟,售罄,住宅,价格待定,杭州新城创盛房地产开发有限公司
479,金都夏宫,售罄,别墅,价格待定,杭州贝利金都置业有限公司
480,杭钢尚堂府,售罄,住宅,价格待定,杭州紫元康盛房地产开发有限公司
481,万科坤和玉泉,售罄,住宅,价格待定,暂无信息
482,佳源名城,售罄,住宅,价格待定,暂无信息
483,昆盛肖邦,售罄,住宅,价格待定,杭州昆盛房地产开发有限公司
484,中栋国际,售罄,住宅,均价 35000元/平,杭州中栋房地产开发有限公司
485,阳光城翡丽湾,售罄,住宅,价格待定,杭州臻博房地产开发有限公司
486,坤和和家园,售罄,住宅,价格待定,杭州振兴置业投资有限公司
487,协安蓝郡,售罄,住宅,价格待定,浙江运河协安置业有限公司
488,保利梧桐语,售罄,住宅,价格待定,杭州保利建锦房地产开发有限公司 
489,新天地中心,售罄,商业类,均价 29000元/平,杭州新天地集团有限公司
490,首开武林8栋,售罄,住宅,价格待定,杭州首开龙泰房地产开发有限公司
491,恒基旭辉府,售罄,住宅,价格待定,杭州旭开置业有限公司
492,坤和和家园,售罄,别墅,总价 1180(万/套),杭州振兴置业投资有限公司
493,恒大城市之光,售罄,住宅,均价 31000元/平,杭州嘉凯城滨虹房地产开发有限公司
494,银杏汇,售罄,住宅,价格待定,杭州德城置业有限公司
495,融创瑷颐湾,售罄,住宅,价格待定,暂无信息
496,赞成杭家,售罄,住宅,价格待定,杭州博越房地产开发有限公司
497,赞成首府,售罄,住宅,价格待定,暂无信息
498,欧美金融城,售罄,住宅,价格待定,暂无信息
499,阳光城上府,售罄,住宅,价格待定,杭州铭昇达房地产开发有限公司
500,欧美金融城,售罄,商业类,价格待定,暂无信息
501,武林壹号,售罄,住宅,价格待定,杭州滨绿房地产开发有限公司
502,中栋国际,售罄,商业类,价格待定,杭州中栋房地产开发有限公司
503,阳光银泰城,售罄,商业类,价格待定,杭州中大圣马置业有限公司
504,恒大水晶国际广场,售罄,住宅,价格待定,杭州晶立置业有限公司
505,雅居乐国际花园,售罄,住宅,价格待定,杭州余杭雅居乐房地产开发有限公司
506,华瑞晴庐,售罄,住宅,价格待定,暂无信息
507,卓越蔚蓝领秀一期,售罄,住宅,价格待定,杭州卓越城置业有限公司
508,东方一号,售罄,住宅,价格待定,暂无信息
509,天城府,售罄,住宅,价格待定,杭州弘筑置业有限公司 
510,中国铁建江南国际城,售罄,住宅,价格待定,中铁房地产集团杭州京兆置业有限公司
511,金隅观澜时代天筑,售罄,住宅,价格待定,金隅（杭州）房地产开发有限公司
512,万科名城博园,售罄,住宅,价格待定,杭州名城博园置业有限公司
513,中兴御田清庭,售罄,住宅,价格待定,杭州景腾房地产开发有限公司 
514,保利中心,售罄,住宅,价格待定,杭州安泽房地产开发有限公司 
515,东日晴好,售罄,住宅,价格待定,浙江东日房地产开发有限公司
516,东亚新干线,售罄,商业类,价格待定,杭州信全置业有限公司
517,黄金时代,售罄,商业类,价格待定,杭州东宇润城房地产开发有限公司
518,蓝钻天成,售罄,商业类,价格待定,浙江好安好居置业有限公司
519,众安白马山庄,售罄,别墅,价格待定,杭州众安房地产开发有限公司
520,绿城桃花源,售罄,别墅,价格待定,杭州余杭绿城房地产开发有限公司
521,城发云锦城,售罄,住宅,价格待定,杭州城发置业发展有限公司
522,新城红郡,售罄,住宅,价格待定,杭州嘉浩房地产开发有限公司
523,融创瑷骊山,售罄,住宅,价格待定,杭州嘉谊置业有限公司
524,万科大家世纪之光,售罄,住宅,价格待定,杭州万科大家房地产开发有限公司
525,北辰奥园,售罄,住宅,价格待定,杭州北辰置业有限公司
526,金地天逸,售罄,住宅,价格待定,杭州金地香湖房地产开发有限公司
527,金地格林格林,售罄,住宅,价格待定,暂无信息
528,赞成赞城,售罄,住宅,价格待定,杭州金樽房地产开发有限公司
529,顺发吉祥半岛,售罄,别墅,价格待定,暂无信息
530,贝利云栖中心,售罄,商业类,价格待定,杭州昊元置业有限公司
531,余之城,售罄,住宅,价格待定,杭州高庆房地产有限公司
532,华元西溪欢乐城,售罄,商业类,均价 40000元/平,杭州欢乐城投资有限公司
533,众安学君里,售罄,住宅,价格待定,杭州润安置业有限公司
534,新湖菲林山,售罄,住宅,价格待定,浙江新兰得置业有限公司
535,得力名望府,售罄,住宅,价格待定,浙江得力房地产开发有限公司
536,众安理想湾,售罄,住宅,价格待定,杭州安源房地产开发有限公司
537,万通时尚公馆,售罄,住宅,价格待定,杭州万通邦信置业有限公司
538,东晖龙悦湾,售罄,住宅,价格待定,杭州东晖房地产开发有限公司
539,嘉丰万悦城,售罄,住宅,总价 94(万/套),浙江嘉丰房地产开发有限公司 
540,富邦星座,售罄,商业类,价格待定,富邦置业集团有限公司  
541,淮矿东元府,售罄,住宅,价格待定,淮矿地产（杭州）有限公司
542,东海水景城,售罄,住宅,均价 23740元/平,杭州新东海置业有限公司
543,星汇花园,售罄,住宅,价格待定,杭州越秀房地产开发有限公司
544,新城香悦半岛,售罄,住宅,价格待定,杭州新城鼎佳房地产开发有限公司 
545,佳兆业西溪璞园,售罄,住宅,价格待定,杭溪隆业房地产（杭州）有限公司
546,万科郡西澜山,售罄,住宅,价格待定,杭州林庐房地产开发有限公司 
547,九龙仓君廷,售罄,住宅,价格待定,锦兴房地产开发（杭州）有限公司
548,融信学院府,售罄,住宅,价格待定,杭州恺筑融信房地产开发有限公司
549,万科杭宸,售罄,住宅,价格待定,杭州万溢置业有限公司
550,富力十号院,售罄,住宅,价格待定,杭州联富房地产开发有限公司
551,九龙仓珑玺,售罄,住宅,价格待定,望华房地产（杭州）有限公司
552,东方君悦,售罄,商业类,价格待定,浙江全景置业有限公司
553,新城香悦奥府,售罄,住宅,价格待定,杭州新城创佳房地产开发有限公司
554,西溪风情花园,售罄,住宅,价格待定,浙江大华房地产开发有限公司
555,德信君宸,售罄,住宅,价格待定,暂无信息
556,上实海上海,售罄,住宅,价格待定,杭州上实置业有限公司
557,碧桂园西江月,售罄,住宅,价格待定, 杭州碧桂园房地产开发有限公司
558,雍荣华庭,售罄,住宅,价格待定,暂无信息
559,中企艮山府,售罄,住宅,价格待定,杭州中华企业房地产发展有限公司
560,鑫运时代金座,售罄,商业类,价格待定,浙江玉海房地产开发有限公司
561,融创金成西溪海,售罄,住宅,总价 355(万/套),杭州金成金都置业有限公司
562,融创金成西溪海,售罄,别墅,价格待定,杭州金成金都置业有限公司
563,龙湖武林九里,售罄,住宅,价格待定,杭州龙瑞房地产开发有限公司
564,滨江华家池,售罄,商业类,价格待定,杭州滨江商博房地产开发有限公司
565,天阳文晖,售罄,住宅,价格待定,杭州尚诚置业有限公司
566,万科新都会1958,售罄,住宅,价格待定,浙江万科南都房地产有限公司
567,广宇万科公园里,售罄,住宅,价格待定,杭州万鼎置业有限公司
568,雍和府,售罄,住宅,价格待定,招商局地产（杭州）有限公司
569,大家绿城金麟府,售罄,住宅,价格待定,暂无信息
570,滨江德信东方星城,售罄,住宅,价格待定,杭州滨润房地产开发有限公司
571,万科中央公园,售罄,住宅,价格待定,杭州万旭置业有限公司
572,滨江华成大江之星,售罄,住宅,总价 172(万/套),浙江华成置业发展有限公司
573,富力新线公园,售罄,住宅,价格待定,杭州启富房地产开发有限公司
574,金地西溪风华,售罄,住宅,价格待定,杭州金来房地产开发有限公司
575,北大资源未名府,售罄,住宅,价格待定,浙江北大资源地产有限公司
576,天润商业中心,售罄,商业类,均价 27000元/平,杭州天泽房地产开发有限公司 
577,华元花涧堂,售罄,别墅,价格待定,杭州美林房地产开发有限公司
578,天阳武林邸,售罄,住宅,价格待定,杭州天帆置业有限公司
579,东南钱江蓝湾,售罄,住宅,总价 182(万/套),杭州亚马逊置业有限公司
580,万科缦云坊,售罄,住宅,价格待定,浙江南都置业有限公司
581,大运宸府,售罄,住宅,价格待定,杭州金来房地产开发有限公司
582,中国铁建西湖国际城,售罄,住宅,价格待定,杭州京瑞置业有限公司
583,湖景居,售罄,住宅,均价 31500元/平,杭州濠江房地产开发有限公司 
584,万科北宸之光三期拱宸,售罄,住宅,价格待定,杭州万通杭昀置业有限公司
585,滨江铂金海岸,售罄,住宅,价格待定,暂无信息
586,首开望宸,售罄,住宅,价格待定,杭州首开旭泰房地产开发有限公司
587,艺尚里,售罄,住宅,价格待定,杭州凯华投资有限公司
588,万科海上明月,售罄,住宅,价格待定,杭州锦繁置业有限公司
589,云溪新语,售罄,住宅,价格待定,杭州祥生弘远房地产开发有限公司
590,潮闻天下,售罄,别墅,总价 621(万/套),杭州百合房地产开发有限公司
591,信融御金台,售罄,商业类,均价 31280元/平,杭州信融置业有限公司
592,绿城九龙仓柳岸晓风,售罄,住宅,价格待定,暂无信息
593,荀庄,售罄,别墅,价格待定,浙江物产良渚花苑房地产开发有限公司
594,野风启城,售罄,住宅,价格待定,杭州野风欣代房地产开发有限公司 
595,溪悦宸府,售罄,住宅,价格待定,温州大都市建设开发有限公司余杭分公司
596,科尔世纪外滩,售罄,住宅,价格待定,杭州尼罗河置业有限公司
597,科尔世纪外滩,售罄,别墅,总价 1678(万/套),杭州尼罗河置业有限公司
598,光明尚海湾,售罄,住宅,均价 22799元/平,暂无信息
599,赞成檀府,售罄,住宅,价格待定,暂无信息
600,赞成檀府,售罄,别墅,价格待定,暂无信息
601,中港罗兰小镇,售罄,住宅,价格待定,杭州中港绿泰房地产开发有限公司
602,新湖香格里拉,售罄,别墅,总价 2368(万/套),杭州新城创宏房地产开发有限公司
603,兴耀星悦湾,售罄,别墅,价格待定,暂无信息
604,华元欢乐城,售罄,商业类,价格待定,暂无信息
605,广厦天都城天熙公馆,售罄,住宅,价格待定,浙江天都实业有限公司
606,泰地北上新城,售罄,商业类,价格待定,杭州泰地置业有限公司
607,杭州明石商业大厦,售罄,商业类,价格待定,杭州明石置业有限公司
608,杭州港龙城,售罄,商业类,价格待定,杭州港龙置业有限公司
609,绿城桃源小镇,售罄,住宅,价格待定,杭州西溪山庄房地产开发有限公司
610,万科郡西,售罄,别墅,价格待定,杭州林庐房地产开发有限公司 
611,绿城运河郡,售罄,商业类,价格待定,杭州新明置业投资有限公司
612,金铂湾,售罄,商业类,均价 40000元/平,杭州中月置业有限公司
613,潮闻天下,售罄,住宅,均价 13500元/平,杭州百合房地产开发有限公司
614,江滨澜廷,售罄,商业类,价格待定,暂无信息
615,之江九里,售罄,别墅,价格待定,杭州润鸿置业有限公司
616,滨江东方海岸(萧山),售罄,别墅,价格待定,杭州滨江盛元海岸房地产开发有限公司
617,朝阳银座,售罄,商业类,价格待定,杭州众安盛隆鲤鱼门置业有限公司
618,佳兆业西溪璞园,售罄,别墅,价格待定,杭溪隆业房地产（杭州）有限公司
619,万科溪望,售罄,别墅,价格待定,暂无信息
620,向江来时代中心,售罄,商业类,价格待定,暂无信息
621,西溪君庐,售罄,别墅,价格待定,浙江百家乐房地产开发有限公司
622,旭辉时代城,售罄,住宅,价格待定,杭州旭广置业有限公司
623,杭钢紫元旭润和府,售罄,住宅,价格待定,暂无信息
624,宋都时间国际,售罄,商业类,价格待定,杭州淘天地房地产开发有限公司
625,恒祺克拉天玺,售罄,商业类,价格待定,浙江弄口恒祺置业有限公司
626,奥克斯缔逸城,售罄,商业类,价格待定,杭州余杭奥克斯古墩置业有限公司
627,融信澜天,售罄,住宅,价格待定,杭州恺泽房地产开发有限公司
628,融信澜天,售罄,别墅,价格待定,杭州恺泽房地产开发有限公司
629,金地西溪风华,售罄,别墅,价格待定,杭州金来房地产开发有限公司
630,宋都东郡之星,售罄,住宅,价格待定,杭州润都房地产开发有限公司
631,中国铁建保利像素,售罄,住宅,价格待定,杭州建申房地产开发有限公司
632,万科溪望,售罄,住宅,价格待定,暂无信息
633,新城红郡,售罄,别墅,价格待定,杭州嘉浩房地产开发有限公司
634,华鼎君临天峯,售罄,住宅,价格待定,暂无信息
635,创客空间大厦,售罄,商业类,价格待定,杭州绿凯房地产开发有限公司
636,梦溪东明山居,售罄,住宅,价格待定,杭州梦溪房地产开发有限公司
637,华瑞湘湖美地,售罄,住宅,价格待定,杭州华瑞房地产开发有限公司
638,杉杉恒和依山郡,售罄,住宅,价格待定,杭州恒和蕾束置业有限公司
639,杉杉恒和依山郡,售罄,别墅,总价 353(万/套),杭州恒和蕾束置业有限公司
640,恒厚阳光城,售罄,住宅,价格待定,暂无信息
641,钱塘梧桐蓝山,售罄,住宅,价格待定,杭州洲际房地产开发有限公司 
642,明华名港城二期,售罄,住宅,总价 190(万/套),杭州明华置业有限公司
643,明华名港城二期,售罄,别墅,价格待定,杭州明华置业有限公司
644,大奇山郡,售罄,别墅,价格待定,桐庐大奇山郡置业有限公司
645,财和湘域湾,售罄,别墅,价格待定,杭州财和房地产开发有限公司
646,湖山帝景湾,售罄,别墅,价格待定,杭州世茂新里程置业有限公司
647,CBC时代大观,售罄,商业类,价格待定,杭州新宏房地产开发有限公司
648,绿都南江壹号,售罄,住宅,价格待定,暂无信息
649,天鸿香榭里,售罄,住宅,价格待定,浙江广鸿房地产开发有限公司
650,广宇鼎悦府,售罄,住宅,价格待定,广宇集团股份有限公司
651,开元广场,售罄,别墅,价格待定,杭州开元世纪置业有限公司
652,顺发堤香,售罄,住宅,价格待定,顺发恒业有限公司
653,世茂中心,售罄,写字楼,价格待定,海墅房地产开发（杭州）有限公司
654,杭州大悦城,售罄,商业,均价 40000元/平,浙江和润天成置业有限公司
655,富亿NEO中心,售罄,写字楼,价格待定,杭州富亿房地产开发有限公司
656,远洋杭州大运河商务区,售罄,写字楼,价格待定,杭州远洋运河商务区开发有限公司
657,梦溪东明山居,售罄,别墅,总价 600(万/套),杭州梦溪房地产开发有限公司
658,富春玫瑰园,售罄,别墅,总价 1100(万/套),杭州华滋绿城房地产有限公司
659,理想银泰城,售罄,商业类,价格待定,杭州理想银泰购物中心有限公司
660,宝龙城市广场,售罄,商业类,价格待定,杭州宝龙房地产开发有限公司
661,西溪蓝海,售罄,商业类,价格待定,杭州合能房地产开发有限公司
662,宋都时间国际,售罄,写字楼,均价 23000元/平,杭州淘天地房地产开发有限公司
663,富力西溪悦墅,售罄,别墅,价格待定,杭州瑞富房地产开发有限公司
664,合景映月台,售罄,住宅,价格待定,杭州隽安房地产开发有限公司
665,绿地旭辉城,售罄,商业类,价格待定,杭州拓江置业有限公司
666,龙湖水晶郦城,售罄,住宅,价格待定,杭州龙禧房地产开发有限公司
667,绿野御墅,售罄,别墅,总价 1450(万/套),杭州绿野房地产开发有限公司
668,西溪智慧健康谷,售罄,商业类,均价 25000元/平,杭州大涵置业有限公司
669,世茂之西湖,售罄,商业类,价格待定,杭州世融汇盈置业有限公司
670,港汇中心,售罄,商业类,价格待定,杭州绿都实业投资有限公司
671,绿城运河郡,售罄,商业,价格待定,杭州新明置业投资有限公司
672,春江香樟苑,售罄,住宅,价格待定,杭州澳澜房地产开发有限公司
673,融创玖樟台,售罄,住宅,价格待定,杭州新融盛耀置业有限公司
674,佳源未来府,售罄,住宅,价格待定,杭州蓝源置业有限公司
675,中骏钱塘御景,售罄,住宅,价格待定,杭州白鹭房地产开发有限公司
676,万宝城,售罄,商业,价格待定,浙江卓伟置业有限公司
677,浙港国际,售罄,商业类,价格待定,暂无信息
678,华夏四季,售罄,住宅,价格待定,浙江康誉置业有限公司
679,滨江旭辉万家之星,售罄,住宅,价格待定,暂无信息
680,尚城墅,售罄,别墅,价格待定,杭州钱江城发展有限公司
681,万科未来城三期梦溪里,售罄,别墅,价格待定,杭州万宁置业有限公司
682,富力天贸广场,售罄,商业类,价格待定,杭州富力房地产开发有限公司
683,通和十二橡树,售罄,别墅,价格待定,杭州益荣房地产开发有限公司
684,青山湖玫瑰园,售罄,别墅,总价 595(万/套),临安西子房地产开发有限公司
685,滨江江南之星,售罄,住宅,价格待定,杭州京滨置业有限公司
686,南洋名都,售罄,住宅,均价 15289元/平,杭州临安南洋房地产有限公司
687,郡乐苑,售罄,住宅,价格待定,杭州明华置业有限公司
688,东厦东港花苑,售罄,住宅,价格待定,杭州美孚房地产开发有限公司
689,万通中心,售罄,商业类,价格待定,杭州万通时尚置业有限公司
690,翡翠城三期,售罄,别墅,价格待定,杭州翡翠城房地产开发有限公司
691,星运丽园兰逸,售罄,别墅,价格待定,杭州金世纪房地产开发有限公司
692,湘湖壹号,售罄,别墅,价格待定,杭州滨江盛元房地产开发有限公司
693,万科君望,售罄,别墅,总价 600(万/套),富阳东润置业有限公司
694,万科良渚文化村堂前,售罄,别墅,价格待定,浙江南都置业有限公司
695,大千古街,售罄,住宅,价格待定,淳安大千古街旅游开发有限公司
696,中天珺府,售罄,别墅,价格待定,临安中天房地产开发有限公司
697,宋都东郡国际,售罄,别墅,价格待定,暂无信息
698,观澜时代云邸苑,售罄,别墅,价格待定,金隅（杭州）房地产开发有限公司
699,绿城曼陀花园,售罄,别墅,总价 369(万/套),暂无信息
700,澳海澜庭,售罄,别墅,总价 72(万/套),浙江三江房地产开发有限公司
701,龙湖春江天玺,售罄,住宅,价格待定,杭州龙湖房地产开发有限公司
702,新城香悦半岛,售罄,别墅,价格待定,杭州新城鼎佳房地产开发有限公司 
703,竹径云山,售罄,别墅,价格待定,浙江南都置业有限公司
704,梅和名府,售罄,住宅,价格待定,杭州萧山梅花楼置业有限公司
705,杭州港龙城,售罄,商业,均价 25000元/平,杭州港龙置业有限公司
706,玲珑府,售罄,商业,均价 35000元/平,暂无信息
707,万都晶座,售罄,商业类,价格待定,暂无信息
708,北湖绿洲花园,售罄,住宅,价格待定,杭州百达房地产开发有限公司
709,领航城,售罄,住宅,价格待定,杭州长龙置业有限公司
710,卓越蔚蓝领秀二期,售罄,住宅,价格待定,杭州鹏跃置业有限公司
711,金世纪运河丽园,售罄,住宅,价格待定,杭州金世纪房地产开发有限公司
712,通和十二橡树,售罄,住宅,价格待定,杭州益荣房地产开发有限公司
713,新城香悦公馆,售罄,住宅,价格待定,杭州新城德佳房地产开发有限公司
714,融创河滨之城雨澜轩,售罄,商业,价格待定,暂无信息
715,瑞金华丽嘉苑,售罄,住宅,价格待定,杭州瑞金房地产有限公司 
716,海德公园,售罄,住宅,价格待定,浙江金澳置业有限公司
717,和昌府,售罄,住宅,价格待定,杭州和昌置业发展有限公司
718,香港兴业耦园,售罄,住宅,价格待定,暂无信息
719,祥生群贤府,售罄,住宅,价格待定,杭州祥生弘盛房地产开发有限公司
720,祥生群贤府,售罄,别墅,价格待定,杭州祥生弘盛房地产开发有限公司
721,融创时代奥城,售罄,住宅,价格待定,杭州融御置业有限公司
722,绿城运河宸园,售罄,别墅,价格待定,杭州奥诚房地产有限公司
723,金色和庄,售罄,住宅,均价 12000元/平,浙江金诺房地产开发有限公司
724,雷威沁园,售罄,住宅,均价 16396元/平,暂无信息
725,朗诗熙华府,售罄,住宅,价格待定,杭州朗优置业有限公司
726,阳光城西郊半岛,售罄,住宅,均价 21100元/平,杭州富阳碧水源房地产有限公司
727,融创涌清府,售罄,住宅,价格待定,杭州融汇前江置业有限公司
728,祥生钱塘新语,售罄,住宅,价格待定,海宁祥生房地产开发有限公司
729,滨江金茂府,售罄,住宅,均价 65981元/平,暂无信息
730,复泰雅宸华庭,售罄,住宅,均价 13000元/平,杭州复泰旅游开发有限公司
731,复泰雅宸华庭,售罄,别墅,总价 652(万/套),杭州复泰旅游开发有限公司
732,望湖山庄,售罄,住宅,价格待定,杭州千岛湖望湖度假村有限公司
733,玉兰花园,售罄,住宅,价格待定, 杭州千岛湖房地产开发有限公司
734,天阳文晖,售罄,商业,价格待定,杭州尚诚置业有限公司
735,浙商国际中心,售罄,商业,价格待定,杭州草庄置业有限公司
736,阳光银泰城,售罄,写字楼,价格待定,杭州中大圣马置业有限公司
737,九龙湾,售罄,别墅,价格待定,暂无信息
738,宋都晨光国际,售罄,商业,价格待定,杭州恒都房地产开发有限公司
739,太平洋银座,售罄,写字楼,价格待定,杭州中基太平洋置业有限公司
740,义桥星天地,售罄,商业,价格待定,杭州萧水投资置业有限公司
741,金沙世纪大厦,售罄,写字楼,价格待定,杭州广盛置业有限公司
742,崇贤上亿广场,售罄,商业,价格待定,杭州亿丰亿贤置业有限公司
743,山水国际,售罄,商业,总价 300(万/套),富阳华都山水房地产开发有限公司 
744,华润万象汇,售罄,写字楼,总价 350(万/套),华润置地（杭州）发展有限公司
745,银泰海威国际,售罄,写字楼,价格待定,杭州海威房地产开发有限公司
746,赞成中心,售罄,写字楼,价格待定,杭州金汇房地产开发有限公司
747,元成时代中心,售罄,商业,价格待定,杭州倍邦置业有限公司
748,浙港国际,售罄,商业,价格待定,暂无信息
749,原禾大厦,售罄,商业,价格待定,杭州原禾安芯置业有限公司
750,中旅城仕公馆,售罄,商业,均价 30000元/平,港中旅成得（杭州）置业有限公司
751,杭州万达广场,售罄,写字楼,价格待定,暂无信息
752,宋都丽郡国际,售罄,住宅,价格待定,杭州鸿都置业有限公司
753,绿地中央广场,售罄,写字楼,价格待定,绿地控股集团（浙江）房地产开发有限公司
754,铁建万科江湾城,售罄,住宅,价格待定,杭州京科置业有限公司
755,新天地G193广场,售罄,商业,均价 30000元/平,杭州万泽实业发展有限公司
756,中节能西溪首座,售罄,写字楼,价格待定,杭州蒋村新区建设有限公司
757,金街美地,售罄,商业,价格待定,浙江双鎏置业有限公司
758,东海闲湖城,售罄,住宅,均价 18928元/平,杭州东海春房地产开发有限公司
759,沈半路灯具市场,售罄,写字楼,价格待定,杭州鹏龙实业投资有限公司
760,保利中心,售罄,商业,均价 60000元/平,杭州安泽房地产开发有限公司 
761,天鸿美和院,售罄,商业类,价格待定,富阳天鸿房地产开发有限公司
762,武林外滩,售罄,商业类,价格待定,杭州天城房地产开发有限公司
763,越秀星汇尚城,售罄,商业,总价 315(万/套),杭州越隽房地产开发有限公司
764,金地艺境,售罄,商业,价格待定,杭州褐石房地产开发有限公司  
765,英冠乐创城,售罄,商业类,均价 40000元/平,浙江中冠房地产开发有限公司 
766,中豪国际,售罄,写字楼,价格待定,杭州中豪五星国际置业有限公司
767,梧桐燕庐,售罄,别墅,价格待定,杭州钱塘房地产开发集团有限公司
768,玖玖国际财富中心,售罄,商业,均价 40000元/平,浙江胤超置业有限责任公司
769,蓝钻天成,售罄,商业,总价 150(万/套),浙江好安好居置业有限公司
770,万科未来城二期,售罄,商业,总价 200(万/套),杭州万鼎置业有限公司
771,江南国际丝绸城,售罄,商业类,价格待定,杭州涛巴京实业有限公司
772,江南国际丝绸城,售罄,商业,价格待定,杭州涛巴京实业有限公司
773,中铁九逸,售罄,住宅,价格待定,杭州中铁和丰置业有限公司 
774,旭辉滨江东方悦府,售罄,住宅,价格待定,杭州滨旭置业有限公司
775,越秀维多利中心,售罄,写字楼,价格待定, 杭州越辉房地产开发有限公司
776,东晖龙悦湾,售罄,别墅,价格待定,杭州东晖房地产开发有限公司
777,星运丽园兰逸,售罄,住宅,价格待定,杭州金世纪房地产开发有限公司
778,碧桂园深蓝国际,售罄,商业类,均价 40000元/平,杭州纽安能置业有限公司
779,新城龙湖湾上风华,售罄,住宅,价格待定,杭州新城松郡房地产开发有限公司
780,合景映月台,售罄,别墅,价格待定,杭州隽安房地产开发有限公司
781,旺君国际,售罄,写字楼,价格待定,杭州盛旺君投资有限公司
782,融信学院府,售罄,商业,价格待定,杭州恺筑融信房地产开发有限公司
783,金色黎明三期,售罄,商业,均价 35000元/平,暂无信息
784,融信永兴首府,售罄,别墅,价格待定,杭州恺融房地产开发有限公司
785,中豪七格,售罄,商业,价格待定,暂无信息
786,融信永兴首府,售罄,住宅,价格待定,杭州恺融房地产开发有限公司
787,东方铭楼,售罄,商业类,价格待定,暂无信息
788,华元欢乐城,售罄,商业,价格待定,暂无信息
789,佳源优优锦城,售罄,住宅,价格待定,杭州中惠房地产开发有限公司
790,北大资源未名府,售罄,商业类,价格待定,浙江北大资源地产有限公司
791,华元天鹅堡,售罄,商业类,均价 27000元/平,杭州云泽置业有限公司
792,景瑞天赋,售罄,住宅,价格待定,暂无信息
793,滨江新城东方名府,售罄,住宅,价格待定,杭州滨通房地产开发有限公司
794,新天地金色时光,售罄,住宅,均价 34742元/平,杭州弘驿置业有限公司
795,中赢金城里,售罄,写字楼,价格待定,暂无信息
796,昆仑天籁,售罄,商业,价格待定,暂无信息
797,中赢金城里,售罄,商业,价格待定,暂无信息
798,雅居乐国际花园,售罄,商业,均价 22000元/平,杭州余杭雅居乐房地产开发有限公司
799,金隅空港公馆,售罄,商业类,均价 20000元/平,金隅（杭州）房地产开发有限公司
800,融创金成未来海,售罄,住宅,价格待定,杭州金合置业有限公司
801,钱江之江新天地,售罄,商业类,价格待定,杭州钱江浮山房地产开发有限公司
802,金岸提香,售罄,别墅,总价 660(万/套),杭州中港绿泰房地产开发有限公司
803,复泰雅宸华庭,售罄,商业类,均价 14500元/平,杭州复泰旅游开发有限公司
804,四维金座,售罄,商业类,价格待定,暂无信息
805,富春硅谷,售罄,写字楼,价格待定,杭州富春硅谷投资有限公司
806,南钻广场,售罄,商业,总价 288(万/套),杭州鹏浩置业有限公司
807,天达广场,售罄,写字楼,均价 14500元/平,杭州天达置业有限公司
808,三花国际,售罄,商业类,均价 42000元/平,杭州三花国际大厦有限公司
809,合诚之江商务中心,售罄,写字楼,价格待定,杭州合诚置业有限公司
810,绿城西溪世纪广场,售罄,写字楼,均价 45000元/平,浙江爱茵霍芬置业有限公司
811,临平西子国际,售罄,写字楼,价格待定,杭州余杭西子置业有限公司
812,佳源银座,售罄,写字楼,价格待定,杭州墅源房地产开发有限公司
813,绿谷杭州东部创新中心,售罄,写字楼,价格待定,杭州九鑫投资有限公司
814,状元府,售罄,别墅,价格待定,杭州通策宝群置业有限公司
815,融信萧山公馆,售罄,住宅,价格待定,杭州恺兴房地产开发有限公司 
816,交投绿城明珠国际,售罄,写字楼,价格待定,杭州金基房地产开发有限公司
817,千岛湖嘉苑,售罄,住宅,均价 14000元/平,杭州千岛湖安通房地产开发有限公司
818,德信东望,售罄,商业,价格待定,暂无信息
819,赞成首府,售罄,商业类,价格待定,暂无信息
820,钱江西溪和景,售罄,写字楼,均价 28000元/平,杭州和景置业有限公司
821,融信蓝孔雀,售罄,商业,价格待定,杭州恺筑融信房地产开发有限公司
822,富阳财富中心,售罄,写字楼,均价 17500元/平,富阳海通房地产有限公司
823,昆盛肖邦,售罄,商业,均价 35000元/平,杭州昆盛房地产开发有限公司
824,英冠乐创城,售罄,商业,均价 32000元/平,浙江中冠房地产开发有限公司 
825,融信江南学府,售罄,住宅,价格待定,杭州融悦房地产开发有限公司
826,保利融信大国璟,售罄,住宅,价格待定,杭州融欣房地产开发有限公司
827,万科未来城三期梦溪里,售罄,住宅,价格待定,杭州万宁置业有限公司
828,碧桂园天麓府,售罄,住宅,价格待定, 杭州碧桂园房地产开发有限公司
829,富春新天地,售罄,商业类,均价 25000元/平,杭州钧顺房地产开发有限公司
830,广厦天都城滨沁&沁源公寓,售罄,住宅,价格待定,浙江天都实业有限公司
831,雍和府,售罄,商业,价格待定,招商局地产（杭州）有限公司
832,新城香悦公馆,售罄,别墅,价格待定,杭州新城德佳房地产开发有限公司
833,东新府,售罄,商业,价格待定,杭州龙元房地产开发有限公司
834,祥生云浦新语,售罄,住宅,价格待定,杭州祥生弘景房地产开发有限公司
835,向江来时代中心,售罄,商业,价格待定,暂无信息
836,西溪曼哈顿,售罄,商业类,价格待定,浙江恒发置业有限公司
837,华策中心,售罄,商业类,均价 32000元/平,浙江影视产业国际合作实验区西溪实业有限公司
838,龙湖天钜,售罄,住宅,价格待定,杭州龙昊房地产开发有限公司
839,万科劝学里,售罄,住宅,价格待定,杭州万珑置业有限公司
840,万佳居,售罄,商业,价格待定,杭州广都投资有限公司
841,赞成杭家,售罄,商业,价格待定,杭州博越房地产开发有限公司
842,西溪十九府,售罄,商业类,均价 21000元/平,浙江海陆控股集团有限公司
843,首开武林8栋,售罄,商业,价格待定,杭州首开龙泰房地产开发有限公司
844,宝嘉誉府,售罄,商业,均价 40000元/平,杭州宝旭房地产开发有限公司
845,天阳武林邸,售罄,商业,均价 80000元/平,杭州天帆置业有限公司
846,远洋招商上塘宸章,售罄,住宅,价格待定,杭州宸远招盛置业有限公司
847,禹洲滨澜铭座,售罄,住宅,价格待定,中维地产浙江有限公司
848,旭辉珺悦府,售罄,住宅,价格待定,杭州众旭置业有限公司
849,华瑞晴庐,售罄,商业,价格待定,暂无信息
850,钱塘航空大厦,售罄,商业类,均价 35000元/平,浙江一统实业有限公司	
851,采荷嘉业大厦,售罄,写字楼,价格待定,杭州宋都房地产集团有限公司
852,景瑞阳光城法兰公园,售罄,住宅,均价 18960元/平,杭州销颖房地产开发有限公司
853,首开杭州金茂府,售罄,住宅,价格待定,暂无信息
854,钱江御府,售罄,商业,价格待定,杭州天祥房地产有限公司
855,中欧城,售罄,商业类,均价 15000元/平,杭州桐庐中欧城开发有限公司
856,碧桂园越溪府,售罄,住宅,均价 15338元/平,杭州碧泰置业有限公司
857,万科劝学里,售罄,商业类,价格待定,杭州万珑置业有限公司
858,西溪智慧健康谷,售罄,商业,均价 40000元/平,杭州大涵置业有限公司
859,越秀亲爱里,售罄,商业,价格待定,杭州越秀房地产开发有限公司
860,易辰江南大院,售罄,别墅,总价 472(万/套),杭州易辰房地产开发有限公司
861,世茂钱塘天誉,售罄,住宅,价格待定,杭州茂国悦盈置业有限公司
862,云山九里,售罄,别墅,价格待定,桐庐大奇山郡置业有限公司
863,中南樾府,售罄,住宅,价格待定,杭州中南御锦置业有限公司
864,绿城桃李春风,售罄,别墅,总价 947(万/套),临安金基房地产开发有限公司
865,融信公馆arc,售罄,住宅,价格待定,杭州融誉房地产开发有限公司
866,中欧城,售罄,商业,均价 25000元/平,杭州桐庐中欧城开发有限公司
867,绿地G合里金宸,售罄,商业类,价格待定,绿地控股集团杭州众银置业有限公司
868,璞玉公馆,售罄,商业类,均价 34000元/平,杭州中润瑞丰置业有限公司
869,蓝色春江,售罄,住宅,均价 18000元/平,桐庐加贝置业有限公司
870,中交财富中心,售罄,商业类,价格待定,暂无信息
871,华瑞中心,售罄,商业类,均价 24000元/平,杭州华瑞房地产开发有限公司
872,合景天銮,售罄,住宅,价格待定,杭州泓升房地产开发有限公司
873,西溪新城市,售罄,商业类,价格待定,杭州西溪汇金置业有限公司 
874,江南时代购物中心,售罄,商业,价格待定,杭州高扬国际贸易有限公司
875,O纪元,售罄,商业类,均价 45000元/平,杭州亚润置业有限公司
876,阳光银泰城,售罄,商业,价格待定,杭州中大圣马置业有限公司
877,东方铭楼,售罄,商业,均价 25000元/平,暂无信息
878,临平芳满庭,售罄,住宅,价格待定,杭州美润房地产有限公司
879,融创玖樟台,售罄,商业,价格待定,杭州新融盛耀置业有限公司
880,德信杭州之翼,售罄,商业类,均价 32000元/平,杭州宇威置业有限公司
881,西房拱宸外滩,售罄,住宅,价格待定,杭州鑫贤置业有限公司
882,复地壹中心,售罄,商业,均价 50000元/平,杭州复拓置业有限公司
883,京港国际,售罄,商业类,均价 36000元/平,浙江天伟置业有限公司
884,力雅广场,售罄,商业类,均价 17500元/平,杭州顺程置业有限公司
885,柏悦公馆,售罄,商业类,价格待定,杭州长裕房地产开发有限公司
886,朗诗乐府,售罄,住宅,均价 42000元/平,杭州朗优置业有限公司
887,恒祺克拉天玺,售罄,商业,均价 40000元/平,浙江弄口恒祺置业有限公司
888,北辰国颂府,售罄,住宅,均价 36700元/平,杭州北辰置业有限公司
889,万科融信西雅图,售罄,住宅,价格待定,暂无信息
890,旭辉和昌都会山,售罄,商业,价格待定, 杭州旭海置业有限公司
891,远洋雁归里,售罄,别墅,价格待定,杭州宜品房地产开发有限公司
892,万科智谷,售罄,商业类,价格待定,杭州天马置业有限公司
893,璞丽东方,售罄,住宅,价格待定,杭州隽烜房地产开发有限公司
894,绿都汀蘭府,售罄,住宅,价格待定,杭州绿峰置业有限公司
895,融信保利创世纪,售罄,住宅,价格待定,杭州信鸿置业有限公司
896,星耀星澜之城,售罄,商业类,均价 48000元/平,暂无信息
897,西房余杭公馆,售罄,住宅,价格待定,杭州鑫湖置业有限公司
898,富春硅谷,售罄,商业类,均价 24000元/平,杭州富春硅谷投资有限公司
899,欧美金融城,售罄,写字楼,价格待定,暂无信息
900,融创富春壹号院,售罄,别墅,价格待定,杭州富阳融创置业有限公司
901,融创东麟府,售罄,住宅,价格待定,杭州创华置业有限公司
902,融创金成江南府,售罄,住宅,均价 28000元/平,杭州金泓置业有限公司
903,融创望海潮,售罄,住宅,价格待定,杭州嘉科置业有限公司
904,金沙世纪大厦,售罄,商业,价格待定,杭州广盛置业有限公司
905,中巢起梦公园,售罄,商业类,价格待定,杭州中巢置业有限公司
906,阳光城翡丽公园,售罄,住宅,价格待定,杭州汇荣欣悦房地产开发有限公司
907,大都尚澜,售罄,住宅,总价 200(万/套),温州大都市建设开发有限公司余杭分公司
908,云溪新语,售罄,商业类,价格待定,杭州祥生弘远房地产开发有限公司
909,融创宜和园,售罄,住宅,价格待定,杭州融大齐云置业有限公司
910,信达滨江壹品,售罄,住宅,价格待定,杭州信达地产有限公司
911,龙湖郦城公馆,售罄,商业类,价格待定,杭州嘉腾房地产开发有限公司
912,荣安翡翠半岛,售罄,住宅,价格待定,杭州荣美置业有限公司
913,凤起潮鸣,售罄,住宅,价格待定,杭州绿城凤起置业有限公司
914,海上明月澜庭,售罄,住宅,价格待定,杭州锦和置业有限公司
915,招商武林郡,售罄,住宅,价格待定, 浙江润和房产集团有限公司
916,滨江保利翡翠海岸,售罄,住宅,价格待定,杭州滨保房地产开发有限公司
917,绿城建发沁园,售罄,住宅,价格待定,杭州绿城申润置业有限公司
918,滨江春盛大江名筑,售罄,别墅,均价 15500元/平,杭州春盛置业有限公司
919,绿都云和湖,售罄,住宅,价格待定,暂无信息
920,雨润星雨华府,售罄,住宅,价格待定,杭州众汇置业有限公司
921,中粮梦栖祥云,售罄,住宅,价格待定,杭州良悦置业有限公司
922,招商越秀公园1872,售罄,住宅,均价 42310元/平,招商局地产（杭州）有限公司
923,中海钱江湾,售罄,住宅,均价 47000元/平,杭州中海宏鲲房地产有限公司
924,阳光城未来悦MAX,售罄,住宅,价格待定,杭州金臻阳房地产开发有限公司
925,和家园雍园,售罄,住宅,价格待定,杭州振兴置业投资有限公司
926,龙湖天璞,售罄,住宅,价格待定,杭州龙尚房地产开发有限公司
927,钱江彩虹府,售罄,住宅,价格待定,浙江浦源置业有限公司
928,佳源湘湖印象,售罄,别墅,总价 609(万/套),杭州湘源房地产开发有限公司
929,汇高栢悦中心,售罄,住宅,价格待定,杭州汇高置地有限公司
930,旭辉宝龙东湖城,售罄,住宅,价格待定,杭州东辉置业有限公司
931,旭辉宝龙东湖城,售罄,别墅,价格待定,杭州东辉置业有限公司
932,都会艺境,售罄,住宅,价格待定,杭州金湖房地产开发有限公司
933,绿城九龙仓桂语江南,售罄,住宅,价格待定,杭州绿九启奥置业有限公司
934,海威新界,售罄,商业类,价格待定,杭州郡威置业有限公司
935,保亿绿城奥邸国际,售罄,商业类,均价 45000元/平,杭州保亿奥体置业有限公司
936,中旅名门府,售罄,住宅,总价 465(万/套),杭州港中旅城市发展有限公司
937,阳光城檀悦,售罄,住宅,价格待定,杭州泓璟达房地产开发有限公司
938,金辉贤林信步,售罄,住宅,价格待定,杭州融辉置业有限公司
939,旭辉和昌都会山,售罄,商业类,价格待定, 杭州旭海置业有限公司
940,中赢云际,售罄,商业类,均价 46000元/平,杭州中赢华倬置业有限公司
941,迪凯城星国际,售罄,写字楼,均价 47000元/平,浙江浩然置业有限公司
942,中旅紫金名门,售罄,商业,价格待定,浙江港中旅置业有限公司
943,都会艺境,售罄,商业,均价 30000元/平,杭州金湖房地产开发有限公司
944,都会艺境,售罄,商业类,均价 33500元/平,杭州金湖房地产开发有限公司
945,远洋雁归里,售罄,住宅,价格待定,杭州宜品房地产开发有限公司
946,杭州大悦城,售罄,商业类,均价 30000元/平,浙江和润天成置业有限公司
947,保亿中心,售罄,写字楼,均价 30000元/平,杭州捍联置业有限公司
948,中天珺府,售罄,住宅,均价 23380元/平,临安中天房地产开发有限公司
949,通策状元府,售罄,商业类,价格待定,杭州通策宝群置业有限公司
950,德信大江源著,售罄,别墅,价格待定,浙江德广置业有限公司
951,杭州壹号院,售罄,住宅,均价 48100元/平, 杭州信达奥体置业有限公司
952,佳源湘湖印象,售罄,住宅,均价 20000元/平,杭州湘源房地产开发有限公司
953,融创微风之城,售罄,住宅,均价 11800元/平,莱蒙置业（富阳）有限公司
954,融创金成十锦台,售罄,住宅,均价 20000元/平,杭州临安融金置业有限公司
955,东原印未来,售罄,住宅,价格待定,杭州睿成房地产开发有限公司
956,英冠乐创城,售罄,写字楼,价格待定,浙江中冠房地产开发有限公司 
957,杭州中央车站广场,售罄,商业类,均价 35000元/平,华润万家购物中心（杭州）有限公司
958,保利融信大国璟,售罄,别墅,价格待定,杭州融欣房地产开发有限公司
959,宋都新宸悦府,售罄,住宅,价格待定,杭州荣都置业有限公司
960,苕溪壹号,售罄,住宅,均价 21500元/平,杭州地上房地产集团有限公司
961,宋都江宸府,售罄,住宅,价格待定,杭州宋都房地产集团有限公司
962,富力西溪悦居,售罄,商业,价格待定,杭州富力房地产开发有限公司
963,保利中心,售罄,写字楼,均价 29000元/平,杭州安泽房地产开发有限公司 
964,南北盛德国际,售罄,写字楼,价格待定,杭州康信置业有限公司
965,众安学君里,售罄,商业,价格待定,杭州润安置业有限公司
966,旭辉东原吴越府,售罄,别墅,总价 216(万/套),杭州临盛置业有限公司
967,万固观澜府,售罄,住宅,总价 195(万/套),建德万固房地产开发有限公司
968,临平芳满庭,售罄,商业类,价格待定,杭州美润房地产有限公司
969,星南站,售罄,商业类,均价 27500元/平,暂无信息
970,居艺空间,售罄,商业,均价 35000元/平,杭州中润瑞丰置业有限公司
971,南润名座,售罄,商业类,价格待定, 杭州齐联锦泰实业投资有限公司
972,大江东宝龙广场,售罄,别墅,均价 15000元/平,宝龙星创实业（杭州）有限公司
973,和家园臻园,售罄,住宅,均价 50000元/平,杭州振兴置业投资有限公司
974,西溪永乐城,售罄,商业类,均价 21000元/平,杭州鑫瑞置业有限公司
975,海威新界,售罄,商业,价格待定,杭州郡威置业有限公司
976,运河公馆,售罄,商业,均价 30000元/平,杭州西桥房地产有限公司
977,运河公馆,售罄,商业类,价格待定,杭州西桥房地产有限公司
978,绿城桃源小镇,售罄,别墅,总价 976(万/套),杭州西溪山庄房地产开发有限公司
979,绿城雄凯国际,售罄,商业类,均价 37000元/平,杭州雄凯实业有限公司
980,龙湖西溪天街,售罄,商业类,价格待定,杭州龙韬置业有限公司
981,理想世纪金座,售罄,商业类,均价 26000元/平,杭州康源置业有限公司
982,新城璟隽公馆,售罄,住宅,均价 32000元/平,杭州新城美佳房地产开发有限公司
983,联发藏珑玉墅,售罄,住宅,价格待定,联发集团杭州房地产开发有限公司
984,联发藏珑玉墅,售罄,别墅,价格待定,联发集团杭州房地产开发有限公司
985,北大资源颐和江南,售罄,住宅,总价 314(万/套),杭州玉宸地产有限公司
986,滨江江南名府,售罄,住宅,均价 31000元/平,杭州滨顺房地产开发有限公司
987,保亿绿城奥邸国际,售罄,商业,总价 1400(万/套),杭州保亿奥体置业有限公司
988,蒲公英天地,售罄,商业,均价 26000元/平,休斯顿投资管理（杭州）有限公司
989,青枫墅园,售罄,别墅,总价 1400(万/套),杭州青枫房地产开发有限公司
990,和昌云栖玖著,售罄,住宅,价格待定,杭州富阳天鸿置业投资有限公司
991,新西湖小镇,售罄,住宅,价格待定,浙江清水湾置业有限公司
992,南岸晶都花园,售罄,商业,总价 950(万/套),暂无信息
993,旭辉珺悦府,售罄,底商,价格待定,杭州众旭置业有限公司
994,中南白马湖壹号,售罄,底商,价格待定,杭州中南嘉伟置业有限公司
995,朝阳银座,售罄,底商,均价 13000元/平,杭州众安盛隆鲤鱼门置业有限公司
996,保利融信大国璟,售罄,底商,价格待定,杭州融欣房地产开发有限公司
997,融创微风之城,售罄,别墅,总价 308(万/套),莱蒙置业（富阳）有限公司
998,茂宸金座,售罄,商业类,均价 40000元/平,杭州世茂嘉年华置业有限公司
999,奥克斯缔逸城,售罄,底商,均价 29500元/平,杭州余杭奥克斯古墩置业有限公司
1000,翡翠城三期,售罄,住宅,价格待定,杭州翡翠城房地产开发有限公司
1001,绿城杨柳郡,售罄,住宅,均价 35377元/平,杭州东胜置业有限公司
1002,绿城桃李春风,售罄,住宅,均价 28600元/平,临安金基房地产开发有限公司
1003,绿城之江1号,售罄,住宅,价格待定,暂无信息
1004,绿城九龙仓钱塘明月,售罄,住宅,价格待定,暂无信息
1005,杭州新世纪广场,售罄,商业类,价格待定,海联控股集团有限公司 
1006,中栋国际,售罄,写字楼,均价 23000元/平,杭州中栋房地产开发有限公司
1007,上坤山语四季,售罄,住宅,价格待定,杭州坤鑫置业有限公司
1008,宋都麓宸府,售罄,住宅,均价 24200元/平,杭州旭都房地产开发有限公司
1009,阳光城丽景湾,售罄,住宅,价格待定,暂无信息
1010,糖朝,售罄,商业类,均价 35000元/平,暂无信息
1011,碧桂园玖晟府,售罄,住宅,均价 17000元/平,杭州碧锦置业有限公司
1012,东方文化园步行街,售罄,商业,均价 40000元/平,杭州百年坊房地产开发有限公司
1013,成龙官山邸,售罄,别墅,总价 608(万/套),临安成龙房地产开发有限公司  
1014,杭钢尚堂府,售罄,底商,均价 28000元/平,杭州紫元康盛房地产开发有限公司
1015,富力十号一期,售罄,底商,价格待定,杭州品富房地产开发有限公司
1016,万科智谷,售罄,底商,价格待定,杭州天马置业有限公司
1017,世茂东壹号,售罄,底商,均价 50000元/平,杭州世茂新领域房地产开发有限公司
1018,滨江新城东方名府,售罄,底商,总价 225(万/套),杭州滨通房地产开发有限公司
1019,杭州嘉里中心,售罄,商业,价格待定,嘉里置业（杭州）有限公司
1020,中骏柏景湾,售罄,住宅,均价 19777元/平,杭州骏锦实业发展有限公司
1021,振泽左右办公世界,售罄,写字楼,均价 32000元/平,杭州振泽房地产开发有限公司
1022,德信浙旅天空之翼,售罄,住宅,总价 252(万/套),浙江德晨置业有限公司
1023,旭辉东原吴越府,售罄,住宅,均价 18500元/平,杭州临盛置业有限公司
1024,大家金钰府,售罄,住宅,均价 19800元/平,杭州景翔置业有限公司
1025,临安宝龙广场,售罄,住宅,均价 18000元/平,杭州龙耀实业有限公司
1026,城中府,售罄,住宅,均价 16700元/平,杭州临安丰润置业有限公司
1027,天阳蓝光蔚蓝,售罄,住宅,均价 18500元/平,杭州天园置业有限公司
1028,国能悦玺台,售罄,住宅,均价 17536元/平,杭州国能房地产开发有限公司
1029,绿城国际社区,售罄,住宅,均价 16500元/平,浙江青山湖科研创新基地投资有限公司
1030,中天富春诚品二期,售罄,住宅,价格待定,杭州锦坤房地产开发有限公司
1031,群升星河印象中心,售罄,商业类,均价 13000元/平,杭州群万置业有限公司
1032,千岛湖雨润星雨华府,售罄,住宅,均价 13500元/平,暂无信息
1033,宋都相贤府,售罄,别墅,总价 464(万/套),杭州盛都置业有限公司
1034,万锦花苑,售罄,住宅,均价 20000元/平,暂无信息
1035,万科潮起东方,售罄,住宅,均价 21500元/平,海宁景科房地产开发有限公司
1036,金地玖峯汇,售罄,住宅,均价 34028元/平,杭州金霖房地产开发有限公司
1037,万科潮起东方,售罄,别墅,总价 550(万/套),海宁景科房地产开发有限公司
1038,运河万科中心,售罄,商业类,均价 30000元/平,杭州祥瑞汽车产业园开发有限公司
1039,金地玖峯汇,售罄,别墅,总价 667(万/套),杭州金霖房地产开发有限公司
1040,保利融信和光尘樾,售罄,住宅,均价 25909元/平,杭州保欣置业有限公司
1041,越秀湖山悦,售罄,住宅,均价 18000元/平,杭州越秀房地产开发有限公司
1042,合景天誉,售罄,住宅,总价 546(万/套),暂无信息
1043,星耀中心,售罄,商业类,均价 42000元/平,暂无信息
1044,阳光城拱宸府,售罄,住宅,价格待定,杭州拱运房地产有限公司
1045,和昌云栖玖著,售罄,别墅,价格待定,杭州富阳天鸿置业投资有限公司
1046,金地滨江万科悦虹湾,售罄,别墅,价格待定,杭州金昇房地产开发有限公司
1047,金科博翠碧蓝湾,售罄,住宅,均价 40400元/平,杭州金唐房地产开发有限公司
1048,资辉壹方汇,售罄,商业类,总价 129(万/套),杭州资辉置业有限公司
1049,金辉久尚云筑,售罄,住宅,价格待定,杭州京辉置业有限公司
1050,中梁申花百悦公馆,售罄,商业类,均价 40000元/平,杭州钧德房地产开发有限公司
1051,前湾江上湾,售罄,住宅,均价 28500元/平,杭州科昇房地产开发有限公司
1052,璞玉公馆,售罄,底商,均价 55000元/平,杭州中润瑞丰置业有限公司
1053,融创江南壹号院,售罄,住宅,均价 28800元/平,杭州科筑投资开发有限公司
1054,龙湖璟宸府,售罄,别墅,总价 750(万/套),杭州龙孜投资管理有限公司
1055,恒伟科技园,售罄,商业类,均价 11950元/平,浙江恒伟控股集团杭州生物科技有限公司
1056,龙湖璟宸府,售罄,住宅,均价 45000元/平,杭州龙孜投资管理有限公司
1057,时代滨江翡翠之星,售罄,住宅,均价 39800元/平,杭州星悦房地产开发有限公司
1058,汇铂金座,售罄,商业类,均价 33000元/平,杭州杭盛房地产开发有限公司
1059,宝龙旭辉城,售罄,住宅,均价 19781元/平,杭州展骧实业有限公司
1060,首开杭州金茂府,售罄,别墅,价格待定,暂无信息
1061,龙湖江与城,售罄,住宅,总价 158(万/套),杭州龙湖房地产开发有限公司
1062,融信远洋厘望,售罄,住宅,价格待定,杭州融歆房地产开发有限公司
1063,天城府天著,售罄,住宅,均价 34800元/平,杭州弘筑置业有限公司 
1064,宋都如意春江,售罄,别墅,总价 223(万/套),暂无信息
1065,碧桂园中梁凤鸣公馆,售罄,住宅,均价 17000元/平,杭州碧盛置业有限公司
1066,春天学府,售罄,住宅,均价 18500元/平,杭州地上房地产集团有限公司
1067,融创金成臻蓝府,售罄,住宅,价格待定,杭州融鑫翰置业有限公司
1068,银城云谷天境,售罄,住宅,价格待定,杭州银弘实业有限责任公司
1069,湖滨外滩,售罄,住宅,均价 19592元/平,杭州鑫悦置业有限公司
1070,锦上桃源,售罄,商业类,均价 33000元/平,杭州杭远房地产开发有限公司
1071,杭佑名座,售罄,商业类,均价 28000元/平,杭州天佑农业科技有限公司
1072,武林之光,售罄,商业,价格待定,杭州旅游投资发展有限公司
1073,杭州大家,售罄,住宅,价格待定,杭州上麟置业有限公司
1074,德信九溪云庄,售罄,住宅,价格待定,浙江德鸿置业有限公司
1075,德信金茂佳源府,售罄,住宅,均价 25200元/平,杭州瀚源房地产开发有限责任公司
1076,御东方,售罄,住宅,价格待定,杭州辰祥房地产有限公司
1077,东原旭辉璞阅,售罄,住宅,总价 310(万/套),杭州天同房地产开发有限公司
1078,东原旭辉璞阅,售罄,别墅,总价 639(万/套),杭州天同房地产开发有限公司
1079,金地广场,售罄,商业,价格待定,杭州威新房地产开发有限公司
1080,滨江东方海岸(萧山),售罄,商业类,均价 18000元/平,杭州滨江盛元海岸房地产开发有限公司
1081,中海云宸,售罄,住宅,均价 47000元/平,杭州中海襄晟房地产有限公司
1082,德信九溪云庄,售罄,别墅,价格待定,浙江德鸿置业有限公司
1083,保利滨江上品,售罄,住宅,价格待定,杭州滨保实业有限公司
1084,都会风华,售罄,住宅,均价 45800元/平,杭州龙合实业有限公司
1085,绿地艺尚府,售罄,住宅,总价 196(万/套),暂无信息
1086,融信旭辉湘湖悦章,售罄,住宅,均价 25200元/平,杭州融晅房地产开发有限公司
1087,融创金成璞樾大观,售罄,住宅,均价 19700元/平,杭州临安融成置业有限公司
1088,大家栖溪,售罄,住宅,均价 16300元/平,杭州锦临置业有限公司
1089,旭辉中粮朗香郡,售罄,住宅,均价 19308元/平,暂无信息
1090,荣安柳岸闻莺,售罄,别墅,价格待定,杭州荣德置业有限公司
1091,新湖菲林山,售罄,别墅,价格待定,浙江新兰得置业有限公司
1092,新希望滨江锦粼府,售罄,住宅,均价 29000元/平,杭州新锦置业有限公司
1093,融信旭辉湘湖悦章,售罄,别墅,总价 586(万/套),杭州融晅房地产开发有限公司
1094,保亿湘湖和院,售罄,住宅,总价 320(万/套),杭州保亿湘越置业有限公司
1095,瑞城熙园,售罄,别墅,价格待定,杭州瑞成房地产开发有限公司
1096,九龙仓雍景山,售罄,住宅,均价 13200元/平,富汇房地产开发（富阳）有限公司
1097,融创江南壹号院,售罄,别墅,总价 769(万/套),杭州科筑投资开发有限公司
1098,杭州江山风华,售罄,别墅,总价 424(万/套),杭州金实房地产开发有限公司
1099,融创金成十锦台,售罄,别墅,总价 365(万/套),杭州临安融金置业有限公司
1100,荣安柳岸闻莺,售罄,住宅,价格待定,杭州荣德置业有限公司
1101,宋都相贤府,售罄,住宅,均价 13200元/平,杭州盛都置业有限公司
1102,阳光城上林湖,售罄,别墅,总价 315(万/套),浙江清源房地产开发有限公司
1103,嘻游城,售罄,商业,总价 53(万/套),杭州富阳金启房地产开发有限公司
1104,保亿湘湖和院,售罄,别墅,总价 1113(万/套),杭州保亿湘越置业有限公司
1105,杭房揽翠,售罄,商业类,均价 40000元/平,杭州臻祥房地产开发有限公司
1106,金茂首开国樾,售罄,别墅,总价 1110(万/套),开茂置业（杭州）有限公司
1107,越秀景瑞悦见山,售罄,别墅,价格待定,杭州越荣房地产开发有限公司
1108,龙湖春江天越,售罄,住宅,均价 27205元/平,杭州龙程房地产开发有限公司
1109,风荷锦庭,售罄,住宅,均价 20300元/平,杭州天灿房地产开发有限公司
1110,众安学君里,售罄,别墅,价格待定,杭州润安置业有限公司
1111,绿城云栖桃花源,售罄,住宅,均价 15000元/平,杭州绿城银湖置业有限公司
1112,富力新线公园,售罄,商业,价格待定,杭州启富房地产开发有限公司
1113,万科大溪谷,售罄,别墅,价格待定,浙江南都置业有限公司
1114,祥生绿都京杭府,售罄,住宅,价格待定,杭州祥生宜景房地产开发有限公司
1115,祥生绿都京杭府,售罄,别墅,价格待定, 杭州祥生宜景房地产开发有限公司
1116,领航城,售罄,别墅,价格待定,杭州长龙置业有限公司
1117,浙大网新银湖科技园,售罄,写字楼,均价 13500元/平,杭州网新银湖科技有限公司
1118,恒伟科技园,售罄,住宅,均价 15300元/平,浙江恒伟控股集团杭州生物科技有限公司
1119,风荷锦庭,售罄,别墅,总价 300(万/套),杭州天灿房地产开发有限公司
1120,中天万科启宸,售罄,住宅,均价 21000元/平,杭州嘉辰房地产开发有限公司
1121,路劲远洋江南院子,售罄,住宅,价格待定,杭州隽洋置业有限公司
1122,路劲远洋江南院子,售罄,别墅,价格待定,杭州隽洋置业有限公司
1123,绿城和庐,售罄,别墅,总价 1197(万/套),杭州绿城东和置业有限公司
1124,浙大网新银湖科技园,售罄,商业类,均价 21000元/平,杭州网新银湖科技有限公司
1125,绿地华家池印,售罄,别墅,总价 2408(万/套),绿地控股集团杭州东城房地产开发有限公司
1126,旭辉东原国滨府,售罄,商业类,均价 34000元/平,杭州宸盛置业有限公司
1127,恒大林溪郡,售罄,住宅,均价 12000元/平,杭州百恒置业有限公司
1128,恒大林溪郡,售罄,别墅,总价 200(万/套),杭州百恒置业有限公司
1129,海伦堡棠锦,售罄,商业,价格待定,杭州东田上庭置业有限公司
1130,印象新城,售罄,商业类,价格待定,暂无信息
1131,和谐江和城,售罄,别墅,总价 376(万/套),杭州和谐置业有限公司
1132,万科海上明月,售罄,商业,价格待定,杭州锦繁置业有限公司
1133,万科君望,售罄,住宅,均价 16800元/平,富阳东润置业有限公司
1134,雅棠轩,售罄,住宅,均价 30000元/平,杭州嘉辰房地产开发有限公司
1135,德信市心府,售罄,别墅,总价 920(万/套),杭州德信蜀山置业有限公司
1136,德信市心府,售罄,住宅,总价 261(万/套),杭州德信蜀山置业有限公司
1137,东哲云邸,售罄,商业类,均价 29000元/平,杭州九居实业有限公司
1138,蓝城春风燕语,售罄,别墅,总价 372(万/套),浙江临安富源房地产开发有限公司
1139,万科西望,售罄,住宅,均价 20000元/平,杭州万锦置业有限公司
1140,奥克斯时代未来之城,售罄,商业,价格待定,杭州奥克斯置业有限公司
1141,佳源西溪印象,售罄,别墅,价格待定,杭州振明置业有限公司
1142,融创宜和园,售罄,别墅,价格待定,杭州融大齐云置业有限公司
1143,国开东方凤凰台,售罄,别墅,价格待定,杭州丽湖房地产开发有限公司
1144,北大资源颐和江南,售罄,别墅,均价 46900元/平,杭州玉宸地产有限公司
1145,碧桂园望江台,售罄,住宅,价格待定,建德碧桂园房地产开发有限公司
1146,金茂首开国樾,售罄,住宅,均价 48600元/平,开茂置业（杭州）有限公司
1147,融创金成未来海,售罄,底商,价格待定,杭州金合置业有限公司
1148,中锐招商星未来,售罄,住宅,价格待定,杭州惠余置业有限公司
1149,中豪湘和国际,售罄,商业类,均价 31000元/平,杭州中豪水湘置业有限公司
1150,西溪曼哈顿,售罄,商业,价格待定,浙江恒发置业有限公司
1151,金地风华东方,售罄,住宅,价格待定,桐庐励耘实业有限公司
1152,银城云谷天境,售罄,别墅,总价 451(万/套),杭州银弘实业有限责任公司
1153,万科西望,售罄,别墅,总价 533(万/套),杭州万锦置业有限公司
1154,绿都鉴未来,售罄,住宅,价格待定,杭州睿都置业有限公司
1155,绿都鉴未来,售罄,别墅,价格待定,杭州睿都置业有限公司
1156,湖滨外滩,售罄,别墅,总价 568(万/套),杭州鑫悦置业有限公司
1157,富景都会公寓,售罄,住宅,均价 21000元/平,杭州富阳富茂置业有限公司
1158,北城芳满庭,售罄,住宅,均价 20000元/平,杭州华元房地产集团有限公司
1159,星光荟,售罄,商业类,均价 21000元/平,杭州汇和置业有限公司
1160,北城芳满庭,售罄,别墅,总价 472(万/套),杭州仁河置业有限公司
1161,随塘,售罄,住宅,均价 22500元/平,杭州弘招城房地产开发有限公司
1162,易辰江南大院,售罄,住宅,均价 15000元/平,杭州易辰房地产开发有限公司
1163,富力御江山小区,售罄,别墅,价格待定,杭州冠富房地产开发有限公司
1164,杭州江山风华,售罄,住宅,总价 173(万/套),杭州金运房地产开发有限公司
1165,随塘,售罄,别墅,总价 412(万/套),杭州弘招城房地产开发有限公司
1166,旭辉东原国滨府,售罄,住宅,价格待定,杭州宸盛置业有限公司
1167,滨江新希望拥潮府,售罄,住宅,总价 346(万/套),杭州滨宁房地产开发有限公司
1168,兴耀锦里,售罄,商业类,价格待定,杭州星澳置业有限公司
1169,合景天誉,售罄,别墅,总价 994(万/套),暂无信息
1170,武林之光,售罄,商业类,价格待定,杭州旅游投资发展有限公司
1171,祥生云境,售罄,住宅,均价 38600元/平,杭州祥生弘程房地产开发有限公司
1172,祥生云境,售罄,别墅,价格待定,杭州祥生弘程房地产开发有限公司
1173,金成英特尔湾,售罄,住宅,价格待定,杭州远东房地产开发有限公司
1174,城镇依山郡,售罄,住宅,均价 14000元/平,临安市城镇房地产开发有限公司
1175,广宇东港空间,售罄,商业类,均价 32000元/平,广宇集团股份有限公司
1176,万锦花苑,售罄,别墅,总价 300(万/套),暂无信息
1177,雍澜府,售罄,住宅,均价 20500元/平,杭州北隆房地产开发有限公司
1178,保利澄品,售罄,住宅,均价 47768元/平,杭州保泓房地产开发有限公司
1179,景瑞镜溪绿汀,售罄,别墅,总价 855(万/套),杭州景胜置业有限公司
1180,金都夏宫,售罄,底商,价格待定,杭州贝利金都置业有限公司
1181,滨江金地御品,售罄,住宅,价格待定,杭州滨望房地产开发有限公司
1182,中梁云玺,售罄,住宅,价格待定,杭州名宸置业有限公司
1183,新希望滨江锦宸,售罄,住宅,总价 361(万/套),杭州锦翎置业有限公司
1184,中交理想时代芳华,售罄,住宅,价格待定,杭州康欣置业有限公司
1185,中交理想时代芳华,售罄,别墅,价格待定,杭州康欣置业有限公司
1186,滨江春盛大江名筑,售罄,住宅,均价 14000元/平,杭州春盛置业有限公司
1187,联发藏珑大境,售罄,住宅,价格待定,联发集团联翔（杭州）房地产开发有限公司
1188,联发藏珑大境,售罄,别墅,总价 684(万/套),联发集团联翔（杭州）房地产开发有限公司
1189,云悦湾,售罄,底商,均价 52000元/平,杭州盛寅房地产开发有限公司
1190,天阳云栖梅林,售罄,住宅,均价 21500元/平,杭州天林置业有限公司
1191,天阳云栖梅林,售罄,别墅,总价 450(万/套),杭州天林置业有限公司
1192,华联钱塘公馆,售罄,商业类,均价 90000元/平,杭州华联置业有限公司
1193,宋都如意溪湖,售罄,住宅,均价 18000元/平,杭州沛都房地产开发有限公司
1194,越秀星悦城,售罄,别墅,总价 444(万/套),杭州越秀房地产开发有限公司
1195,美晟府,售罄,住宅,均价 16500元/平,暂无信息
1196,融创金成璞樾大观,售罄,别墅,总价 380(万/套),杭州临安融成置业有限公司
1197,融信远洋厘望,售罄,别墅,总价 2026(万/套),杭州融歆房地产开发有限公司
1198,中庆润泽院,售罄,住宅,均价 21000元/平,杭州富阳中庆房地产发展有限公司
1199,奥克斯金宸玖和府,售罄,别墅,总价 803(万/套),杭州奥克斯置业有限公司
1200,万象上东,售罄,住宅,价格待定,杭州萧山爱迪尔房地产有限公司
1201,绿都金科和宁文华府,售罄,住宅,均价 40800元/平,杭州泰都置业有限公司
1202,奥克斯时代未来之城,售罄,住宅,价格待定,杭州奥克斯置业有限公司
1203,中旅名门府新境,售罄,住宅,均价 34200元/平,杭州港中旅城市发展有限公司
1204,世茂璀璨澜宸,售罄,住宅,均价 29000元/平,杭州世茂新体验房地产有限责任公司
1205,中国中铁溪畔云璟府,售罄,住宅,均价 21300元/平,金隅中铁诺德（杭州）房地产开发有限公司
1206,融创东麟府,售罄,底商,均价 25000元/平,杭州创华置业有限公司
1207,云潮府,售罄,住宅,均价 33000元/平,杭州科融置业有限公司
1208,汉港武林汇,售罄,商业,价格待定,杭州港联置业有限公司
1209,阳光城山水悦江府,售罄,住宅,均价 22000元/平,杭州富阳利光和房地产开发有限公司
1210,保亿麓语湖苑,售罄,住宅,均价 18962元/平,保亿临湖（杭州）置业有限公司
1211,龙湖武林上城,售罄,住宅,均价 30200元/平,杭州龙荟房地产开发有限公司
1212,凤起钱潮,售罄,住宅,均价 72000元/平,暂无信息
1213,绿地亚洲公园,售罄,住宅,均价 18200元/平,杭州绿地锦城房地产开发有限公司
1214,德信时代公馆,售罄,别墅,总价 445(万/套),暂无信息
1215,贤辰府,售罄,住宅,均价 12500元/平,杭州富阳恒鑫房地产有限公司
1216,新视界公寓,售罄,住宅,均价 20800元/平,杭州锦昊房地产开发有限公司
1217,雅颂市心府,售罄,商业类,均价 27000元/平,杭州德信蜀山置业有限公司
1218,奥克斯金宸玖和府,售罄,住宅,均价 35000元/平,杭州萧山奥克斯置业有限公司
1219,世宸名府,售罄,住宅,均价 29700元/平,杭州华宇业瑞房地产开发有限公司
1220,世宸名府,售罄,别墅,总价 880(万/套),杭州华宇业瑞房地产开发有限公司
1221,世宸名府,售罄,商业类,均价 28000元/平,杭州华宇业瑞房地产开发有限公司
1222,德信时代公馆,售罄,住宅,均价 21200元/平,暂无信息
1223,龙湖葛洲坝景粼天著,售罄,别墅,总价 1104(万/套),杭州龙誉投资管理有限公司
1224,四季都会,售罄,住宅,均价 20800元/平,杭州富云置业有限公司
1225,秋实宸悦,售罄,住宅,价格待定,杭州宸睿置业有限公司
1226,融信空港澜天,售罄,住宅,均价 22900元/平,杭州融辰置业有限公司
1227,时代滨江悦,售罄,住宅,均价 42000元/平,杭州滨悦房地产开发有限公司
1228,华侨城芳菲与城,售罄,别墅,总价 650(万/套),杭州兰侨置业有限公司
1229,远洋路劲上河宸章,售罄,住宅,价格待定,杭州隽远置业有限公司
1230,远洋路劲上河宸章,售罄,别墅,价格待定,杭州隽远置业有限公司
1231,杭房悦东方,售罄,住宅,均价 12600元/平,杭州宇祥房地产开发有限公司
1232,杭房悦东方,售罄,别墅,总价 520(万/套),杭州市房地产开发集团有限公司
1233,湖境云庐,售罄,别墅,价格待定,杭州绿城交投锦溪置业有限公司
1234,华侨城芳菲与城,售罄,住宅,均价 35500元/平,杭州兰侨置业有限公司
1235,御清城,售罄,住宅,均价 21800元/平,杭州润昕置业有限公司
1236,御清城,售罄,别墅,总价 345(万/套),杭州润昕置业有限公司
1237,赞成旭辉时代悦章,售罄,住宅,价格待定,杭州金硕房地产开发有限公司
1238,赞成旭辉时代悦章,售罄,别墅,价格待定,杭州金硕房地产开发有限公司
1239,众安绿城南湖明月,售罄,住宅,价格待定,杭州馨华园房地产开发有限公司
1240,众安绿城南湖明月,售罄,别墅,总价 580(万/套),杭州馨华园房地产开发有限公司
1241,仁恒滨江园,售罄,住宅,均价 70800元/平,杭州滨恒房地产开发有限公司
1242,仁恒祥生珊瑚世纪雅园,售罄,住宅,均价 37846元/平,杭州仁祥房地产开发有限公司
1243,仁恒祥生珊瑚世纪雅园,售罄,别墅,总价 895(万/套),杭州仁祥房地产开发有限公司
1244,运河ONE,售罄,住宅,价格待定,杭州融尚置地有限公司
1245,天阅运河源,售罄,住宅,价格待定,杭州融祥置地有限公司
1246,融创金成杭源里,售罄,住宅,均价 48000元/平,杭州金辰置业有限公司
1247,融创港印中心,售罄,商业类,均价 20000元/平,杭州圆汇投资置业有限公司
1248,龙湖紫金上城,售罄,商业类,均价 36000元/平,杭州龙郦实业有限公司
1249,电建泷悦华府,售罄,住宅,均价 30600元/平,杭州泷悦置业有限公司
1250,天阳融信东寰名邸,售罄,住宅,均价 28000元/平,暂无信息
1251,德信钱塘云庄,售罄,住宅,均价 39600元/平,杭州中宸城镇建设有限公司
1252,杭州富力中心,售罄,商业类,均价 33000元/平,杭州富力房地产开发有限公司
1253,杭州富力中心,售罄,住宅,均价 36100元/平,杭州富力房地产开发有限公司
1254,德信大江壹号,售罄,住宅,总价 175(万/套),浙江德璟置业有限公司
1255,绿城晓风印月,售罄,住宅,均价 48100元/平,杭州绿城滨和置业有限公司
1256,翡翠城梧桐郡,售罄,住宅,均价 22596元/平,杭州翡翠城房地产开发有限公司
1257,上塘九里,售罄,住宅,价格待定,杭州益光房地产开发有限公司
1258,地铁万科天空之城,售罄,住宅,均价 35664元/平,杭州西曙置业有限公司
1259,恒大御泉四季,售罄,别墅,总价 124(万/套),杭州盛建置业有限公司
1260,国宸府,售罄,住宅,均价 25600元/平,杭州昌赫置业有限公司
1261,国宸府,售罄,别墅,价格待定,杭州昌赫置业有限公司
1262,龙湖葛洲坝景粼天著,售罄,住宅,均价 46500元/平,杭州龙誉投资管理有限公司
1263,中铁诺德雅逸府,售罄,住宅,均价 28800元/平,中铁诺德（杭州）置业有限公司
1264,兴耀锦里,售罄,底商,价格待定,杭州星澳置业有限公司
1265,华鸿中南壹号院,售罄,住宅,均价 18000元/平,杭州嘉正置业有限公司
1266,中建锦绣越府,售罄,住宅,均价 25200元/平,杭州中建申杭房地产开发有限公司
1267,中建锦绣越府,售罄,别墅,总价 693(万/套),杭州中建申杭房地产开发有限公司
1268,碧桂园十里春风,售罄,别墅,总价 480(万/套),桐庐碧辰置业有限公司
1269,碧桂园十里春风,售罄,住宅,均价 19500元/平,桐庐碧辰置业有限公司
1270,高科商业中心,售罄,商业类,均价 15000元/平,杭州富阳金启房地产开发有限公司
1271,融创望潮印一期（云潮府）,售罄,商业类,均价 24500元/平,杭州科融置业有限公司
1272,星光国际公馆,售罄,商业类,均价 32000元/平,浙江华联杭州湾创业有限公司
1273,葛洲坝龙湖中杭府,售罄,住宅,价格待定,葛洲坝（杭州）房地产开发有限公司
1274,苕溪学府,售罄,住宅,均价 21000元/平,杭州地上房地产集团有限公司
1275,首创禧瑞江南,售罄,住宅,均价 26600元/平,杭州临创置业有限公司
1276,首创禧瑞江南,售罄,别墅,总价 456(万/套),杭州临创置业有限公司
1277,九龙仓天玺,售罄,住宅,均价 54011元/平,龙鼎房地产（杭州）有限公司
1278,中冶锦绣华府,售罄,住宅,均价 47973元/平,杭州中冶名锦房地产开发有限公司
1279,招商闻博花城,售罄,住宅,均价 38300元/平,杭州南兴房地产开发有限公司
1280,招商闻博花城,售罄,别墅,总价 624(万/套),杭州南兴房地产开发有限公司
1281,山水如画,售罄,底商,均价 23000元/平,暂无信息
1282,富春一品,售罄,住宅,均价 10000元/平,建德市乾潭商会大厦开发建设有限公司
1283,坤生栖悦,售罄,商业类,均价 29000元/平,杭州西太华坤生房地产有限公司
1284,信达东莱府,售罄,住宅,均价 46500元/平,长淮信达地产有限公司
1285,九龙仓华发天荟,售罄,住宅,均价 54264元/平,龙景房地产（杭州）有限公司
1286,城北万象城幸福里,售罄,住宅,均价 26500元/平,杭州润珹房地产开发有限公司
1287,东原德信九章赋,售罄,住宅,均价 28193元/平,杭州创蜀房地产开发有限责任公司
1288,环翼城,售罄,商业类,均价 41000元/平,杭州合威置业有限公司
1289,绿都东澜府,售罄,住宅,价格待定,杭州绿润置业有限公司
1290,众安西溪未来里,售罄,住宅,价格待定,暂无信息
1291,承安HYGGE源翠府,售罄,住宅,价格待定,杭州承惠房地产开发有限公司
1292,状元府,售罄,别墅,价格待定,杭州通策宝群置业有限公司
1293,西房杭语宸鹭院,售罄,住宅,价格待定,杭州鑫怡置业有限公司
1294,西房杭语宸鹭院,售罄,别墅,价格待定,杭州鑫怡置业有限公司
1295,德信大江壹号,售罄,商业类,均价 13500元/平,浙江德璟置业有限公司
1296,星创新里程中心,售罄,商业类,均价 28000元/平,浙江星达置业有限公司
1297,中海黄龙云起,售罄,住宅,价格待定,杭州中海海创房地产有限公司
1298,绿城天语山居,售罄,住宅,均价 15000元/平,临安园丁置业有限公司
1299,中梁御府,售罄,住宅,均价 25000元/平,杭州正梁置业有限公司
1300,中梁御府,售罄,别墅,总价 608(万/套),杭州正梁置业有限公司
1301,德信钱塘云庄,售罄,别墅,总价 1408.8(万/套),杭州德淼置业有限公司
1302,奥园华景川上锦宸府,售罄,别墅,总价 560(万/套),浙江朝华房地产开发有限公司
1303,星央悦府,售罄,住宅,均价 17800元/平,杭州卓林置业有限公司
1304,融信大发弘阳沁澜,售罄,住宅,价格待定,杭州融朗房地产开发有限公司
1305,德信大家运河云庄,售罄,住宅,价格待定,杭州德信润楠置业有限公司
1306,德信大家运河云庄,售罄,别墅,总价 951(万/套),杭州德信润楠置业有限公司
1307,城南银泰城,售罄,住宅,均价 13600元/平,杭州萧山银城置业有限公司
1308,佳兆业云峰,售罄,住宅,价格待定,杭州佳裕置业有限公司
1309,碧桂园泷悦,售罄,住宅,价格待定,淳安碧桂园房地产开发有限公司
1310,碧桂园泷悦,售罄,别墅,价格待定,淳安碧桂园房地产开发有限公司
1311,印象苕溪城,售罄,住宅,均价 18900元/平,杭州锦圆置业有限公司
1312,杭州融创城,售罄,住宅,均价 19000元/平,杭州融伦置业有限公司
1313,恒大国玺悦龙府,售罄,住宅,均价 38500元/平,杭州丰涛置业有限公司
1314,观棠明月,售罄,住宅,均价 19700元/平,杭州弘利房地产开发有限公司
1315,观棠明月,售罄,别墅,总价 592(万/套),杭州弘利房地产开发有限公司
1316,中南棠玥湾,售罄,住宅,均价 43427元/平,杭州锦府置业有限公司
1317,江畔铭座,售罄,商业类,均价 20000元/平,杭州瑞胜置业有限公司
1318,首开天青里,售罄,住宅,均价 35000元/平,杭州首开润泰置业有限公司
1319,首开天青里,售罄,别墅,总价 1555.2(万/套),杭州首开润泰置业有限公司
1320,金隅观澜商业中心,售罄,商业类,均价 15000元/平,金隅（杭州）房地产开发有限公司
1321,融创臻源锦宁里,售罄,住宅,总价 363(万/套),杭州嘉裕房地产开发经营有限公司
1322,中交悦美庐,售罄,住宅,均价 23600元/平,中交美庐（杭州）置业有限公司
1323,中交悦美庐,售罄,别墅,价格待定,中交美庐（杭州）置业有限公司
1324,中量畅享幸福里,售罄,住宅,总价 115(万/套),中量建工股份有限公司
1325,奥园华景川上锦宸府,售罄,住宅,均价 19000元/平,浙江朝华房地产开发有限公司
1326,奥体朝龙汇,售罄,商业类,均价 43000元/平,杭州国逸实业有限公司
1327,山水如画,售罄,住宅,均价 15700元/平,杭州富阳瑞宸房地产有限公司
1328,融创臻源锦宁里,售罄,别墅,总价 1167(万/套),杭州嘉裕房地产开发经营有限公司
1329,华夏之心,售罄,商业,价格待定,暂无信息
1330,绿城春来晓园,售罄,住宅,均价 50000元/平,杭州绿城风华房地产开发有限公司
1331,杭语蓝庭,售罄,住宅,价格待定,杭州西湖房地产集团有限公司
1332,阳光城西郊半岛,售罄,别墅,总价 368(万/套),暂无信息
1333,德信时光之宸,售罄,住宅,均价 16800元/平,杭州德凯置业有限公司
1334,未来之芯,售罄,商业类,均价 12000元/平,杭州临安锦科实业投资有限公司
1335,银城青山湖畔,售罄,别墅,总价 400(万/套),银城地产集团股份有限公司
1336,宝龙旭辉城,售罄,商业类,均价 16000元/平,杭州展骧实业有限公司
1337,蓝城芷园,售罄,别墅,总价 493(万/套),暂无信息
1338,滨江东原拥翠府,售罄,住宅,均价 37500元/平,杭州滨原房地产开发有限公司
1339,天润西麓府,售罄,住宅,均价 15600元/平,杭州香墅湾房地产开发有限公司
1340,天润西麓府,售罄,别墅,总价 392(万/套),杭州香墅湾房地产开发有限公司
1341,滨江御虹府,售罄,住宅,总价 472(万/套),杭州滨乾房地产开发有限公司
1342,中骏临栖云府,售罄,别墅,总价 440(万/套),杭州嘉怡置业有限公司
1343,地铁万科天空之城,售罄,别墅,总价 776(万/套),杭州西曙置业有限公司
1344,越秀天萃名邸,售罄,住宅,价格待定,杭州钰杭房地产开发有限公司
1345,时代滨江丹枫四季,售罄,住宅,均价 50204元/平,杭州杭天房地产开发有限公司
1346,缦云府,售罄,别墅,总价 358(万/套),杭州越星房地产开发有限公司
1347,越秀前滩名邸,售罄,住宅,均价 46600元/平,杭州钰杭房地产开发有限公司
1348,花语天境府,售罄,住宅,均价 46000元/平,杭州京宏房地产开发有限公司
1349,花语天境府,售罄,别墅,均价 60600元/平,杭州京宏房地产开发有限公司
1350,富阳悦享同心湾,售罄,住宅,均价 22500元/平,杭州富阳万达置业有限公司
1351,滨江龙湖东潮府,售罄,住宅,均价 46500元/平,杭州滨沁房地产开发有限公司
1352,世茂璀璨澜庭,售罄,住宅,价格待定,杭州世茂新领航房地产有限责任公司
1353,越秀悦映城,售罄,住宅,均价 18880元/平,杭州杭秀房地产开发有限公司
1354,滨江龙湖东潮府,售罄,别墅,总价 1260(万/套),杭州滨沁房地产开发有限公司
1355,越秀悦映城,售罄,别墅,总价 400(万/套),杭州杭秀房地产开发有限公司
1356,融望之城,售罄,住宅,均价 25600元/平,杭州金越房地产开发有限公司
1357,桂语听澜轩,售罄,住宅,均价 37500元/平,杭州绿城启兴置业有限公司
1358,东原德信九章赋,售罄,别墅,总价 1047(万/套),杭州创蜀房地产开发有限责任公司
1359,远洋西溪公馆,售罄,别墅,价格待定,浙江国恒西溪置业有限公司
1360,中天雅境,售罄,住宅,均价 18300元/平,杭州嘉珺房地产开发有限公司
1361,古翠蓝庭,售罄,住宅,均价 56000元/平,暂无信息
1362,世茂钱塘天誉,售罄,别墅,总价 987(万/套),杭州茂国悦盈置业有限公司
1363,荣盛檀越府,售罄,住宅,均价 22000元/平,杭州荣尚置业有限公司
1364,融望之城,售罄,别墅,均价 45200元/平,杭州金越房地产开发有限公司
1365,悦融湾,售罄,住宅,均价 13667元/平,杭州萧山城区建设有限公司
1366,绿城天语山居,售罄,别墅,总价 551(万/套),临安园丁置业有限公司
1367,拥涛府,售罄,住宅,均价 37500元/平,杭州滨御房地产开发有限公司
1368,万固珺府,售罄,住宅,均价 18000元/平,杭州之江万固置业有限公司
1369,荣安招商祥宸府,售罄,住宅,均价 36000元/平,杭州荣福置业有限公司
1370,荣安招商祥宸府,售罄,别墅,均价 40000元/平,杭州荣福置业有限公司
1371,绿城春风金沙,售罄,住宅,均价 37500元/平,杭州绿城浙帆置业有限公司
1372,中旅归锦府,售罄,住宅,均价 46500元/平,杭州港中旅钱江城市发展有限公司
1373,滨江新希望悦潮府,售罄,住宅,均价 33500元/平,杭州滨得房地产开发有限公司
1374,滨江御滨府,售罄,住宅,均价 49657元/平,杭州滨音企业管理有限公司
1375,阳光城保亿翡丽云邸,售罄,住宅,均价 27800元/平,杭州临光房地产开发有限公司
1376,阳光城保亿翡丽云邸,售罄,别墅,总价 443(万/套),杭州临光房地产开发有限公司
1377,金辉紫雅云邸,售罄,住宅,价格待定,杭州融辉铭著实业有限公司
1378,新希望华发锦粼云荟,售罄,住宅,均价 32500元/平,杭州锦瑜置业有限公司
1379,华景川云流名邸,售罄,住宅,均价 11020元/平,杭州萧山华景川房地产开发有限公司
1380,新希望美的长粼府,售罄,住宅,均价 32200元/平,杭州锦澜置业有限公司
1381,世茂国风大境,售罄,住宅,价格待定,杭州临安同人置业有限公司
1382,宝龙融信新世邸,售罄,住宅,均价 17000元/平,杭州临安龙兴房地产开发有限公司
1383,春月锦庐,售罄,住宅,均价 56900元/平,杭州绿城致昇置业有限公司
1384,德信阅杭,售罄,住宅,均价 20500元/平,杭州星信置业有限公司
1385,东原德信印奥湾,售罄,住宅,均价 27800元/平,杭州励东房地产开发有限公司
1386,滨江君品名邸,售罄,住宅,均价 47000元/平,杭州滨博房地产开发有限公司
1387,建发金辉紫璋台,售罄,住宅,价格待定,杭州鑫建辉实业有限公司
1388,宋都济宸府,售罄,住宅,均价 16300元/平,杭州鸿扬投资管理有限公司
1389,良语久园,售罄,住宅,均价 24000元/平,杭州嘉玥房地产开发有限公司
1390,良语久园,售罄,别墅,总价 397(万/套),杭州嘉玥房地产开发有限公司
1391,中天云望,售罄,住宅,均价 40100元/平,杭州天钰房地产开发有限公司
1392,中天云望,售罄,别墅,总价 775(万/套),杭州天钰房地产开发有限公司
1393,凤玺云著府,售罄,住宅,价格待定,杭州金虹置业有限公司
1394,滨耀城,售罄,住宅,均价 27700元/平,杭州星滨置业有限公司
1395,融创城,售罄,别墅,总价 483(万/套),杭州融伦置业有限公司
1396,悦风华,售罄,住宅,均价 46500元/平,杭州骏兴置业有限公司
1397,金地大运桥西府,售罄,住宅,均价 43179元/平,杭州金贤房地产开发有限公司
1398,联发溪语宸庐,售罄,住宅,均价 30489元/平,联发集团杭州联嘉房地产开发有限公司
1399,中南春溪集,售罄,住宅,均价 33000元/平,杭州锦昱置业有限公司
1400,禹洲宋都望林府,售罄,住宅,均价 44900元/平,杭州禹翔房地产开发有限公司
1401,融创滨江御潮府,售罄,住宅,均价 69800元/平,杭州滨融房地产开发有限公司
1402,香栖天第,售罄,住宅,均价 45000元/平,杭州嘉佑置业有限公司
1403,中海望庐,售罄,住宅,均价 56900元/平,杭州中海启晖房地产有限公司
1404,阳光城檀映里,售罄,住宅,均价 47000元/平,杭州碧光房地产开发有限公司
1405,径山园,售罄,别墅,总价 676(万/套),杭州恒盛置业有限公司
1406,光合映,售罄,住宅,价格待定,杭州祥生宜信房地产开发有限公司
1407,北樾府,售罄,住宅,均价 25000元/平,暂无信息
1408,杭辰星万里,售罄,住宅,均价 19800元/平,杭州星雨置业有限公司
1409,龙湖融信天琅府,售罄,住宅,均价 30000元/平,杭州龙湖房地产开发有限公司
1410,阳光城兴耀花漾里,售罄,住宅,均价 19000元/平,杭州光润置业有限公司
1411,保亿阳光城丽光城,售罄,住宅,均价 23000元/平,保亿丽光（杭州）置业有限公司
1412,理想臻品,售罄,住宅,均价 28500元/平,理想四维地产集团有限公司
1413,中天溪风雅韵,售罄,住宅,均价 10334元/平,杭州嘉灿房地产开发有限公司
1414,中天溪风雅韵,售罄,别墅,总价 389(万/套),杭州嘉灿房地产开发有限公司
1415,北上星云府,售罄,住宅,价格待定,杭州美润房地产有限公司
1416,普大福地,售罄,商业类,均价 32000元/平,暂无信息
1417,时代天境,售罄,住宅,均价 22000元/平,杭州明道房地产开发有限公司
1418,湖光山社,售罄,住宅,均价 22300元/平,浙江新广发置业有限公司
1419,融信展望,售罄,住宅,均价 37500元/平,杭州融浩置业有限公司
1420,未来七彩小镇,售罄,商业类,均价 20000元/平,嘉凯城城镇化建设发展（余杭闲林）有限公司
1421,融创滨江御潮府,售罄,别墅,总价 2765(万/套),杭州滨融房地产开发有限公司
1422,保利潮起云上府,售罄,住宅,均价 37500元/平,保利（杭州）房地产开发有限公司
1423,中天汀洲印月,售罄,住宅,均价 20800元/平,杭州铭筑房地产开发有限公司
1424,佳兆业德信云望璞园,售罄,住宅,均价 19500元/平,杭州德信富东置业有限公司
1425,中景华庭,售罄,住宅,均价 28700元/平,杭州隽胜置业有限公司
1426,融信荣望,售罄,住宅,均价 28500元/平,杭州锦官置业有限公司
1427,龙湖湘湖原著,售罄,别墅,总价 855(万/套),暂无信息
1428,九城渔人码头,售罄,住宅,均价 15100元/平,杭州九城置业有限公司
1429,伟业熙境府,售罄,住宅,均价 19800元/平,杭州隽伟置业有限公司
1430,恒大观澜府,售罄,住宅,均价 21000元/平,杭州桐恒置业有限公司
1431,春和云境,售罄,住宅,均价 33000元/平,杭州北和置业有限公司
1432,岸上蓝山公寓,售罄,别墅,总价 744(万/套),暂无信息
1433,卓越明熙府,售罄,住宅,均价 28000元/平,杭州卓越润达置业有限公司
1434,广宇锦上文澜,售罄,住宅,均价 30000元/平,杭州冬宇房地产开发有限公司
1435,坤和融创开元望金沙,售罄,住宅,均价 37500元/平,杭州元融坤房地产开发有限公司
1436,万科前宸,售罄,住宅,均价 30540元/平,杭州名城博园置业有限公司
1437,上塘源著,售罄,住宅,均价 21000元/平,浙江天都实业有限公司
1438,滨江嘉品,售罄,住宅,均价 47000元/平,杭州滨儒企业管理有限公司
1439,联发北秀观云,售罄,住宅,均价 34000元/平,暂无信息
1440,香港置地上河公元,售罄,住宅,均价 37040元/平,杭州瀚置和悦实业发展有限公司
1441,未来旭辉城,售罄,住宅,均价 23047元/平,杭州兴湖置业有限公司
1442,聆潮府,售罄,住宅,均价 33400元/平,杭州北辰京诚置业有限公司
1443,聆潮府,售罄,别墅,总价 650(万/套),杭州北辰京诚置业有限公司
1444,滨江春语蓝庭,售罄,住宅,均价 33000元/平,杭州滨丰房地产开发有限公司
1445,合景泰富揽月臻翠府,售罄,住宅,均价 40800元/平,杭州惠烜有限公司
1446,众安顺源府,售罄,住宅,均价 20500元/平,杭州众安银湖房地产开发有限公司
1447,群升万国天地,售罄,商业类,均价 35000元/平,暂无信息
1448,曲江新鸥鹏杭州第三城（久境府）,售罄,住宅,均价 20800元/平,暂无信息
1449,长麓府,售罄,住宅,均价 18550元/平,杭州临安新都房地产开发有限公司
1450,兴耀星漫里,售罄,住宅,均价 37500元/平,杭州星熙置业有限公司
1451,路劲银城澜仕里,售罄,住宅,均价 23000元/平,杭州隽劲置业有限公司
1452,新希望锦畔云汀,售罄,住宅,均价 20800元/平,杭州锦衡置业有限公司
1453,竹韵小筑,售罄,住宅,均价 15100元/平,杭州临安新都房地产开发有限公司
1454,森临澜府,售罄,住宅,均价 40500元/平,金隅瀚潮（杭州）房地产开发有限公司
1455,花样年对越天,售罄,住宅,均价 42400元/平,杭州花创房地产开发有限公司
1456,融信远洋厘望轩,售罄,商业类,均价 45000元/平,杭州融歆房地产开发有限公司
1457,融创望潮印二期（湖悦江南院）,售罄,商业类,均价 28500元/平,杭州科筑投资开发有限公司
1458,星合映,售罄,住宅,均价 23000元/平,杭州祥生宜远房地产开发有限公司
1459,景瑞路劲海逸翠廷,售罄,住宅,均价 23000元/平,杭州隽恒置业有限公司
1460,绿城桂语映月,售罄,住宅,均价 20563元/平,杭州绿城银湖置业有限公司
1461,春来枫华,售罄,住宅,均价 47000元/平,杭州绿城浙昱置业有限公司
1462,荷源府,售罄,住宅,均价 36900元/平,杭州众安白马房地产开发有限公司
1463,中梁沐宸院,售罄,住宅,均价 34500元/平,杭州石宸置业有限公司
1464,三迪枫丹雅居,售罄,住宅,均价 14600元/平,杭州三升置业发展有限公司
1465,大华潮悦前城,售罄,住宅,均价 18000元/平,杭州大华新湾房地产开发有限公司
1466,蜀惠朝闻花城,售罄,住宅,均价 29800元/平,杭州滨宇房地产开发有限公司
1467,金科博翠碧蓝湾,售罄,别墅,总价 846(万/套),杭州金唐房地产开发有限公司
1468,绿地香港宸瀚里,售罄,住宅,均价 23000元/平,杭州绿臻置业有限公司
1469,杭语清澄,售罄,住宅,均价 23000元/平,杭州西湖房地产集团有限公司
1470,合景泰富寰汇,售罄,商业,价格待定,杭州晋烜房地产开发有限公司
1471,东湖尚府,售罄,住宅,均价 25000元/平,杭州艺尚建设开发有限公司
1472,南樾府,售罄,住宅,均价 17900元/平,杭州地上集团城南房地产有限公司
1473,滨江翠语华庭,售罄,住宅,均价 37500元/平,杭州滨荣房地产开发有限公司
1474,德信中心,售罄,住宅,均价 46500元/平,杭州德信产业发展有限公司
1475,观湖之宸公寓,售罄,住宅,均价 30000元/平,杭州德信九乔置业有限公司
1476,滨江绿城江河鸣翠,售罄,住宅,价格待定,杭州滨合房地产开发有限公司
1477,金地滨与城,售罄,住宅,均价 16100元/平,杭州金戴房地产开发有限公司
1478,荣安春月杭宁府,售罄,住宅,均价 45000元/平,杭州康浩置业有限公司
1479,滨江沁语晓庭,售罄,住宅,均价 34000元/平,杭州滨昌房地产开发有限公司
1480,大家湛景天承美筑,售罄,住宅,均价 36000元/平,杭州祥麟置业有限公司
1481,大家坤和·美筑,售罄,住宅,均价 33500元/平,杭州丰麟置业有限公司
1482,绿城茗春苑,售罄,住宅,均价 37478元/平,杭州茶镇置业开发有限公司
1483,百郦玲珑府,售罄,别墅,均价 49000元/平,甘建投（杭州）房地产有限公司
1484,新湖香格里拉,售罄,住宅,均价 22988元/平,杭州新城创宏房地产开发有限公司
1485,三盛大家汝悦美境府,售罄,住宅,均价 33500元/平,杭州萧麟置业有限公司
1486,荣安春熙上和湾,售罄,住宅,均价 47000元/平,杭州康丰置业有限公司
1487,香悦和鸣府,售罄,别墅,总价 500(万/套),杭州新城英冠鸿轩房地产开发有限公司
1488,顺发·美颂城,售罄,住宅,均价 33500元/平,顺发恒业有限公司
1489,融信天阳云澜天第府,售罄,住宅,均价 38000元/平,杭州融益房地产开发有限公司
1490,远洋建华宸章新邸,售罄,住宅,均价 40000元/平,杭州远宸建祥置业有限公司
1491,融创望潮印一期（云潮府）,售罄,底商,均价 50000元/平,杭州科融置业有限公司
1492,大华春山明月,售罄,住宅,均价 26000元/平,杭州大华青山湖房地产开发有限公司
1493,七彩星商业中心,售罄,商业类,均价 22000元/平,嘉凯城城镇化建设发展（余杭星桥）有限公司
1494,中旅时光里,售罄,住宅,均价 30000元/平,杭州旅投房地产开发有限公司
1495,源著天樾府,售罄,住宅,均价 30000元/平,杭州敏景房地产开发有限公司
1496,桃李湖滨,售罄,住宅,均价 27452元/平,杭州桃李湖滨房地产开发有限公司
1497,桃李湖滨,售罄,别墅,总价 560(万/套),杭州桃李湖滨房地产开发有限公司
1498,滨江博语华庭,售罄,住宅,均价 34000元/平,杭州滨航房地产开发有限公司
1499,滨江星翠澜庭,售罄,住宅,均价 45000元/平,杭州滨泰房地产开发有限公司
1500,招商融信天澜,售罄,住宅,均价 28100元/平,杭州融洽实业有限公司
1501,建发书香印翠,售罄,住宅,均价 58000元/平,杭州兆欣房地产有限公司
1502,星创晶悦府,售罄,住宅,均价 36000元/平,浙江星晖置业有限公司
1503,绿城交投晓月澄庐,售罄,别墅,总价 1043(万/套),杭州绿城交投锦溪置业有限公司
1504,合景泰富寰汇（石门街6号）,售罄,写字楼,均价 20000元/平,暂无信息
1505,滨融府,售罄,住宅,均价 54000元/平,杭州融滨昌盛置业有限公司
1506,德信中南江上云起,售罄,住宅,均价 14000元/平, 德信地产集团有限公司
1507,德信中南江上云起,售罄,别墅,总价 380(万/套),德信地产集团有限公司
1508,招商博奥花宸里,售罄,住宅,均价 32500元/平,招商局地产（杭州）有限公司
1509,景瑞晴海,售罄,住宅,均价 33500元/平,杭州景晖置业有限公司
1510,华景川樾滨府,售罄,住宅,均价 13156元/平,杭州萧山锦翔房地产开发有限公司
1511,佳源驭远玖墅,售罄,住宅,均价 17800元/平,杭州国申房地产开发有限公司
1512,溪上俪庭,售罄,住宅,均价 20000元/平,杭州芳满庭置业有限公司
1513,龙湖湘湖原著,售罄,住宅,均价 28300元/平,暂无信息
1514,滨江观品,售罄,住宅,均价 47208元/平,杭州滨远房地产开发有限公司
1515,严州誉境府,售罄,住宅,均价 23000元/平,杭州新城英冠房地产开发有限公司
1516,华润置地亚奥城,售罄,住宅,均价 47000元/平,华润置地（杭州）发展有限公司
1517,新安郡,售罄,住宅,均价 19000元/平,建德德旭置业有限公司
1518,万科日耀之城,售罄,住宅,均价 47000元/平,杭州万科亚运村开发有限公司
1519,青漫里,售罄,住宅,均价 25600元/平,杭州星涌置业有限公司
1520,宋都如意云庐,售罄,住宅,均价 20000元/平,杭州逸都房地产开发有限公司
1521,合能杭玥府,售罄,住宅,均价 34000元/平,杭州瑞进合能房地产开发有限公司
1522,滨江兴耀滨耀学府,售罄,住宅,均价 38000元/平,杭州星昀置业有限公司
1523,融信美好宝龙锦云澜天里,售罄,底商,均价 40000元/平,杭州美生美置业有限公司
1524,保利和者时光印象府,售罄,住宅,均价 25000元/平,杭州保颐置业有限公司
1525,华鸿东潮云庭,售罄,住宅,均价 19800元/平,杭州鸿城置业有限公司
1526,环翼城,售罄,底商,均价 70000元/平,杭州合威置业有限公司
1527,星创晶晖里,售罄,住宅,均价 36000元/平,浙江韬创置业有限公司
1528,中海望庐|云起武林,售罄,商业类,均价 45000元/平,杭州中海启晖房地产有限公司
1529,赞成漫悦,售罄,住宅,均价 28300元/平,杭州金穗房地产开发有限公司
1530,云起中心,售罄,商业类,均价 44000元/平,杭州云起商用置业有限公司
1531,金成潮塘轩,售罄,住宅,均价 19800元/平,杭州金蓬置业有限公司
1532,绿城桂冠东方,售罄,住宅,均价 47000元/平,杭州绿城亚运村开发有限公司
1533,锦尚和品府,售罄,住宅,均价 51700元/平,杭州滨文房地产开发有限公司
1534,建发银泰天悦,售罄,住宅,均价 21000元/平,桐庐银悦商业发展有限公司
1535,高运尚悦府,售罄,住宅,均价 10000元/平,杭州高运房地产开发有限公司
1536,滨汇之都,售罄,住宅,均价 51500元/平,杭州建泽房地产开发有限公司
1537,金成汀云上府,售罄,住宅,均价 36100元/平,湖州祥新房地产开发有限公司
1538,西湖公馆,售罄,商业类,均价 26000元/平,暂无信息
1539,花曜里,售罄,住宅,均价 37500元/平,暂无信息
1540,滨江滨涛映月,售罄,住宅,均价 37500元/平,杭州滨胜房地产开发有限公司
1541,龙湖坤和·滨康天曜城,售罄,住宅,均价 51500元/平,杭州龙宇置业有限公司
1542,德信滨望之宸,售罄,住宅,均价 16118元/平,杭州德信临宸置业有限公司
1543,中海黄龙云起|三里庐,售罄,商业,均价 58000元/平,杭州中海海创房地产有限公司
1544,雨茗云舍,售罄,住宅,均价 37100元/平,杭州隽龙置业有限公司
1545,众安蒲荷芸邸,售罄,住宅,均价 37710元/平,杭州众安瑞祥房地产开发有限公司
1546,德信银城阅湖之宸,售罄,住宅,均价 30000元/平,杭州银沣房地产开发有限责任公司
1547,春来雅庭,售罄,住宅,均价 40800元/平,杭州绿城浙芷置业有限公司
1548,滨江望涛月明,售罄,住宅,均价 37500元/平,杭州滨胜房地产开发有限公司
1549,东原东傲城,售罄,住宅,均价 18000元/平,杭州东望房地产开发有限公司
1550,招商蛇口花屿观澜里,售罄,住宅,均价 37500元/平,杭州潮悦房地产开发有限公司
1551,绿城云栖燕庐,售罄,住宅,均价 19420元/平,杭州绿城浙超置业有限公司
1552,绿城云栖燕庐,售罄,别墅,总价 330(万/套),杭州绿城浙超置业有限公司
1553,电建悦安府,售罄,住宅,均价 31500元/平,杭州泛悦置业有限公司
1554,电建悦安府,售罄,别墅,总价 600(万/套),杭州泛悦置业有限公司
1555,绿城沐春明月,售罄,住宅,均价 31500元/平,杭州浙行置业有限公司
1556,百富联合国际奥体之星,售罄,商业类,价格待定,浙江百富建设集团有限公司
1557,宋都如意云境,售罄,住宅,均价 23000元/平,杭州轩都房地产开发有限公司
1558,河语光年府,售罄,住宅,均价 38000元/平,杭州万懿置业有限公司
1559,中铁诺德雅逸府,售罄,底商,均价 50000元/平,中铁诺德（杭州）置业有限公司
1560,绿城湖上春风里,售罄,住宅,均价 37500元/平,杭州绿城浙佑置业有限公司
1561,天珏华庭,售罄,住宅,均价 55134元/平,寰华房地产（杭州）有限公司
1562,天珏华庭,售罄,别墅,均价 67900元/平,寰华房地产（杭州）有限公司
1563,复地绿城月映咏荷园,售罄,住宅,均价 22000元/平,杭州复禹置业有限公司
1564,绿城潮听明月,售罄,住宅,均价 42400元/平,杭州浙谦置业有限公司
1565,前湾畅想江澜湾,售罄,住宅,均价 32300元/平,杭州科谊房地产开发有限公司
1566,世茂风颂府,售罄,住宅,均价 40800元/平,杭州茂启房地产开发有限公司
1567,潮和阅江台轩,售罄,住宅,均价 33000元/平,杭州保汇置业有限公司
1568,萧元江南沥城,售罄,住宅,均价 17000元/平,杭州新丝路房地产开发有限公司
1569,枫漫小筑,售罄,住宅,均价 19800元/平,杭州星凝置业有限公司
1570,曲江新鸥鹏杭州第三城（久雍府）,售罄,住宅,均价 22000元/平,杭州曲江新鸥鹏企业运营管理有限责任公司
1571,葛洲坝龙湖中杭府,售罄,别墅,价格待定,葛洲坝（杭州）房地产开发有限公司
1572,新希望华发锦粼云荟,售罄,底商,均价 48000元/平,杭州锦瑜置业有限公司
1573,华家印月,售罄,商业类,价格待定,暂无信息
1574,湖印光年府,售罄,住宅,均价 30000元/平,杭州万沙置业有限公司
1575,臻奥院,售罄,商业类,均价 80000元/平,杭州信达奥体置业有限公司
1576,滨江望品,售罄,住宅,均价 50179元/平,浙江中豪房屋建设开发有限公司
1577,溪悦云和园,售罄,住宅,均价 31400元/平,杭州西誉置业有限公司
1578,春题杭玥府,售罄,商业类,价格待定,杭州瑞进合能房地产开发有限公司
1579,君铂府,售罄,住宅,均价 16257元/平,暂无信息
1580,前湾畅想江澜湾,售罄,别墅,价格待定,暂无信息
1581,星潮映象府,售罄,住宅,均价 45000元/平,杭州瑞诚兴联置业有限公司
1582,滨江潮听映月,售罄,住宅,均价 37500元/平,杭州滨江房产集团股份有限公司
1583,蓝城陶然里,售罄,商业类,价格待定,杭州之一房地产开发有限公司
1584,海潮望月城,售罄,住宅,均价 69800元/平,杭州滨来置业有限公司
1585,绿城沁桂轩,售罄,住宅,均价 37500元/平,杭州绿城宁欣置业有限公司
1586,德信碧桂园印江南,售罄,商业类,价格待定,浙江德盛置业有限公司
1587,太合商业中心,售罄,商业类,价格待定,杭州丰潭实业投资有限公司
1588,柳浪东苑,售罄,住宅,价格待定,暂无信息
1589,憬天国际名座,售罄,商业类,均价 16850元/平,暂无信息
1590,萧然之芯,售罄,商业类,价格待定,暂无信息
1591,阳光城檀悦,售罄,底商,价格待定,杭州泓璟达房地产开发有限公司
1592,九龙仓君廷,售罄,别墅,总价 318(万/套),锦兴房地产开发（杭州）有限公司
1593,柏润国际花园,售罄,住宅,价格待定,暂无信息
1594,东方御府,售罄,住宅,价格待定,杭州和祥房地产有限公司
1595,宝嘉誉峰,售罄,住宅,价格待定,杭州宝嘉房地产开发有限公司
1596,绿都御景蓝湾,售罄,住宅,价格待定,暂无信息
1597,锦润公寓,售罄,住宅,价格待定,暂无信息
1598,滨江西溪之星,售罄,住宅,价格待定,杭州普特房地产开发有限公司
1599,中南白马湖壹号,售罄,住宅,价格待定,杭州中南嘉伟置业有限公司
1600,九龙仓君玺,售罄,住宅,价格待定,九龙仓（杭州）置业有限公司
1601,复地黄龙和山,售罄,商业类,价格待定,暂无信息
1602,钱江御府,售罄,住宅,价格待定,杭州天祥房地产有限公司
1603,景瑞申花郡,售罄,住宅,总价 255(万/套),杭州嘉恒房地产开发有限公司
1604,新湖武林国际公寓,售罄,住宅,价格待定,杭州新湖明珠置业有限公司 
1605,融创大家侯潮府,售罄,住宅,价格待定, 杭州融创大家房地产开发有限公司 
1606,融创河滨之城雨澜轩,售罄,住宅,价格待定,暂无信息
1607,富力西溪悦居,售罄,住宅,价格待定,杭州富力房地产开发有限公司
1608,金地艺境,售罄,住宅,价格待定,杭州褐石房地产开发有限公司  
1609,合景天峻,售罄,住宅,价格待定,杭州弘竣房地产开发有限公司
1610,三盛颐景御园,售罄,别墅,价格待定,杭州铭瑞房地产开发有限公司 
1611,协安紫郡,售罄,住宅,价格待定,浙江运河协安置业有限公司
1612,融信杭州公馆,售罄,住宅,价格待定,杭州融信恺昇房地产开发有限公司
1613,万科未来城二期,售罄,住宅,价格待定,杭州万鼎置业有限公司
1614,中旅城仕公馆,售罄,住宅,价格待定,港中旅成得（杭州）置业有限公司
1615,西溪永乐城,售罄,住宅,价格待定,杭州鑫瑞置业有限公司
1616,万科大都会79号,售罄,住宅,价格待定, 杭州万霆置业有限公司
1617,越秀星汇尚城,售罄,住宅,价格待定,杭州越隽房地产开发有限公司
1618,奥克斯缔逸城,售罄,住宅,价格待定,杭州余杭奥克斯古墩置业有限公司
1619,赞成龙兴道一号,售罄,住宅,价格待定,杭州金泽房地产开发有限公司 
1620,中旅紫金名门,售罄,住宅,价格待定,浙江港中旅置业有限公司
1621,钱塘大观,售罄,住宅,均价 28000元/平,浙江和创置业有限公司 
1622,昆仑华府,售罄,住宅,价格待定,杭州宝仑房地产开发有限公司 
1623,理想康城一品,售罄,住宅,价格待定,杭州康源置业有限公司
1624,和昌云潮,售罄,底商,价格待定,和昌地产集团有限公司
1625,万科缦云坊,售罄,别墅,价格待定,浙江南都置业有限公司
1626,宝嘉誉府,售罄,住宅,价格待定,杭州宝旭房地产开发有限公司
1627,绿城莲园,售罄,住宅,价格待定,浙江昆源房地产开发有限公司
1628,和昌云潮,售罄,商业类,价格待定,和昌地产集团有限公司
1629,大江东宝龙广场,售罄,住宅,均价 16200元/平,宝龙星创实业（杭州）有限公司
1630,武林外滩,售罄,住宅,价格待定,杭州天城房地产开发有限公司
1631,大美公寓,售罄,住宅,价格待定,杭州南苑房地产开发有限公司 
1632,富力十号一期,售罄,住宅,价格待定,杭州品富房地产开发有限公司
1633,中海御道,售罄,住宅,价格待定,杭州中海宏鲲房地产有限公司
1634,耀达金鼎华庭,售罄,住宅,价格待定,杭州云禾置业有限公司
1635,中梁百悦城,售罄,住宅,价格待定,暂无信息
1636,合景叠彩园,售罄,别墅,价格待定,杭州合景房地产开发有限公司
1637,广大融城印象,售罄,住宅,价格待定,杭州融城置业有限公司
1638,滨江西溪明珠,售罄,别墅,价格待定,暂无信息
1639,宋都晨光国际,售罄,住宅,价格待定,杭州恒都房地产开发有限公司
1640,凯德湖墅,售罄,住宅,价格待定,凯德新业（杭州）房地产开发有限公司
1641,融创金成英特学府,售罄,住宅,价格待定,杭州都成置业有限公司
1642,绿地旭辉城,售罄,住宅,价格待定,杭州拓江置业有限公司
1643,万泰城章,售罄,住宅,价格待定,杭州万凯置业有限公司
1644,融创富春壹号院,售罄,住宅,价格待定,杭州富阳融创置业有限公司
1645,赞成乐山红叶,售罄,住宅,价格待定,杭州赞成置业有限公司
1646,蓝色嘉园,售罄,住宅,价格待定,杭州金凌置业有限公司
1647,赞成乐山红叶,售罄,别墅,总价 1080(万/套),杭州赞成置业有限公司
1648,东渡酩悦,售罄,商业类,均价 40000元/平,杭州东渡房地产开发有限公司
1649,世茂智慧之门,售罄,商业类,价格待定,杭州世茂瑞盈置业有限公司 
